Order ID,Order Date,City,Customer Type,Meal Type,Cuisine,Restaurant,Items Ordered,Order Amount,Delivery Fee,Total Amount,Delivery Time (min),Payment Method,Customer Rating
FD-00001,2025-08-17 18:06:00,Khobar,Normal,Dinner,Healthy,Urban Bites,2,61.35,12.37,75.75,39,E-Wallet,9.5
FD-00002,2025-09-08 10:25:00,Jeddah,Member,Breakfast,Saudi,Rice & Spice,6,88.88,13.53,106.43,34,E-Wallet,8.4
FD-00003,2025-09-03 12:30:00,Riyadh,Member,Lunch,Healthy,Family Grill,7,314.02,5.73,315.07,38,E-Wallet,9.3
FD-00004,2025-07-20 14:26:00,Khobar,Member,Lunch,Italian,Family Grill,1,24.14,3.83,26.74,40,E-Wallet,8.0
FD-00005,2025-02-13 19:03:00,Dammam,Member,Dinner,Italian,Wok Express,3,160.83,12.23,179.41,36,E-Wallet,8.0
FD-00006,2025-11-06 12:40:00,Jeddah,Member,Lunch,Asian,Pasta House,5,142.27,10.38,149.74,35,E-Wallet,8.4
FD-00007,2025-03-18 20:30:00,Jeddah,Member,Dinner,Saudi,Urban Bites,8,132.21,7.57,139.16,43,Cash,7.3
FD-00008,2025-07-03 15:05:00,Riyadh,Member,Lunch,Saudi,Pasta House,3,80.48,8.1,84.53,40,Credit Card,8.8
FD-00009,2025-06-30 18:40:00,Khobar,Normal,Dinner,Italian,Wok Express,8,198.86,10.38,217.24,27,Cash,9.6
FD-00010,2025-04-02 08:32:00,Riyadh,Normal,Breakfast,Healthy,Pasta House,4,127.48,14.37,146.29,55,Credit Card,7.4
FD-00011,2025-02-27 15:52:00,Jeddah,Member,Lunch,Asian,Pasta House,2,29.77,14.99,39.43,36,Cash,7.7
FD-00012,2025-01-27 19:34:00,Dammam,Member,Dinner,Italian,Wok Express,8,334.02,9.6,343.44,36,E-Wallet,8.7
FD-00013,2025-08-27 20:11:00,Dammam,Normal,Dinner,Saudi,Urban Bites,2,108.25,4.48,113.15,39,E-Wallet,9.9
FD-00014,2025-11-20 10:40:00,Makkah,Member,Breakfast,Saudi,Burger Hub,5,134.14,6.96,143.54,31,Credit Card,9.0
FD-00015,2025-05-13 12:14:00,Khobar,Normal,Lunch,Asian,Rice & Spice,3,128.92,7.74,133.66,30,Cash,8.7
FD-00016,2025-10-10 15:27:00,Khobar,Normal,Lunch,Saudi,Rice & Spice,6,308.76,9.64,330.52,41,E-Wallet,7.6
FD-00017,2025-01-16 14:26:00,Jeddah,Member,Lunch,Italian,Green Bowl,4,205.78,6.79,203.69,29,Credit Card,9.5
FD-00018,2025-10-10 10:59:00,Makkah,Normal,Breakfast,American,Urban Bites,8,135.31,10.0,145.7,29,Cash,7.6
FD-00019,2025-02-22 17:54:00,Dammam,Normal,Snack,American,Burger Hub,6,125.88,8.39,141.79,52,Credit Card,6.8
FD-00020,2025-06-14 22:16:00,Makkah,Normal,Dinner,Healthy,Family Grill,6,191.49,7.81,203.79,32,Credit Card,8.6
FD-00021,2025-01-19 18:54:00,Dammam,Normal,Snack,American,Green Bowl,7,189.86,14.67,202.88,38,Credit Card,9.1
FD-00022,2025-10-11 15:42:00,Dammam,Member,Lunch,Italian,Green Bowl,5,130.53,6.12,137.98,27,Credit Card,10.0
FD-00023,2025-12-06 12:36:00,Riyadh,Member,Lunch,Healthy,Wok Express,2,52.33,7.65,68.02,36,E-Wallet,8.6
FD-00024,2025-05-27 12:07:00,Jeddah,Member,Lunch,Healthy,Rice & Spice,6,230.62,8.55,234.68,31,Credit Card,8.2
FD-00025,2025-02-24 15:40:00,Khobar,Normal,Lunch,Asian,Family Grill,5,185.6,6.68,190.31,33,Credit Card,7.6
FD-00026,2025-11-29 13:47:00,Riyadh,Member,Lunch,Healthy,Urban Bites,6,271.26,12.42,282.5,44,E-Wallet,8.8
FD-00027,2025-03-22 07:10:00,Riyadh,Normal,Breakfast,Asian,Urban Bites,7,269.74,4.92,277.07,39,Cash,8.6
FD-00028,2025-06-15 16:27:00,Dammam,Member,Snack,Asian,Pasta House,6,95.11,11.56,97.9,27,E-Wallet,9.0
FD-00029,2025-11-18 19:20:00,Jeddah,Member,Dinner,Asian,Najd Kitchen,4,202.21,8.61,214.28,35,E-Wallet,8.2
FD-00030,2025-07-02 22:40:00,Jeddah,Member,Dinner,Italian,Taste of Jeddah,6,110.23,5.78,114.14,28,E-Wallet,9.1
FD-00031,2025-02-08 10:08:00,Jeddah,Member,Breakfast,Italian,Green Bowl,5,85.75,12.07,89.32,19,E-Wallet,8.5
FD-00032,2025-10-28 15:10:00,Riyadh,Member,Lunch,Healthy,Wok Express,2,70.5,7.15,79.6,30,E-Wallet,8.5
FD-00033,2025-11-22 17:41:00,Riyadh,Member,Snack,Asian,Wok Express,7,82.47,7.55,87.66,39,Credit Card,8.0
FD-00034,2025-02-17 08:50:00,Jeddah,Normal,Breakfast,American,Rice & Spice,7,331.55,5.7,345.69,30,E-Wallet,8.1
FD-00035,2025-09-26 13:12:00,Riyadh,Normal,Lunch,Healthy,Najd Kitchen,6,182.59,9.75,187.28,30,Cash,8.8
FD-00036,2025-10-10 21:40:00,Makkah,Normal,Dinner,Asian,Burger Hub,5,123.05,14.06,136.82,28,Cash,8.8
FD-00037,2025-10-03 14:04:00,Riyadh,Member,Lunch,Asian,Urban Bites,5,227.76,10.59,246.69,39,Credit Card,8.9
FD-00038,2025-10-24 13:08:00,Makkah,Member,Lunch,Asian,Taste of Jeddah,3,64.2,5.49,67.01,44,E-Wallet,7.8
FD-00039,2025-03-02 10:44:00,Khobar,Normal,Breakfast,Italian,Family Grill,6,243.84,7.62,248.98,44,E-Wallet,7.9
FD-00040,2025-09-18 17:48:00,Jeddah,Normal,Snack,Saudi,Pasta House,2,72.08,7.1,81.74,38,E-Wallet,8.6
FD-00041,2025-11-20 20:14:00,Dammam,Member,Dinner,American,Green Bowl,2,114.82,12.69,124.89,34,Credit Card,7.6
FD-00042,2025-06-11 15:42:00,Dammam,Member,Lunch,American,Family Grill,4,67.32,13.26,86.8,15,E-Wallet,8.8
FD-00043,2025-10-03 09:48:00,Makkah,Normal,Breakfast,Asian,Rice & Spice,2,35.42,13.74,45.86,38,E-Wallet,7.5
FD-00044,2025-04-04 18:59:00,Khobar,Normal,Snack,American,Family Grill,1,14.33,6.41,25.56,26,E-Wallet,9.3
FD-00045,2025-06-17 16:24:00,Riyadh,Member,Snack,Asian,Rice & Spice,5,124.94,6.57,132.81,35,Credit Card,8.4
FD-00046,2025-03-08 22:28:00,Jeddah,Normal,Dinner,Saudi,Burger Hub,7,263.29,11.64,271.63,39,Cash,8.8
FD-00047,2025-12-07 13:17:00,Khobar,Member,Lunch,Healthy,Wok Express,8,370.88,8.03,371.8,37,E-Wallet,8.8
FD-00048,2025-12-04 14:06:00,Riyadh,Normal,Lunch,Italian,Rice & Spice,4,173.24,7.29,182.74,34,Credit Card,9.0
FD-00049,2025-12-17 09:45:00,Riyadh,Member,Breakfast,Healthy,Daily Dish,4,111.74,8.84,126.57,46,E-Wallet,8.4
FD-00050,2025-08-10 13:27:00,Makkah,Member,Lunch,Italian,Burger Hub,5,87.83,12.41,101.12,26,Credit Card,8.5
FD-00051,2025-09-01 19:12:00,Riyadh,Member,Dinner,American,Rice & Spice,8,468.39,10.57,474.99,55,E-Wallet,7.1
FD-00052,2025-06-18 14:19:00,Jeddah,Member,Lunch,Italian,Green Bowl,5,129.3,9.81,145.14,38,E-Wallet,8.4
FD-00053,2025-08-29 16:44:00,Khobar,Member,Snack,Asian,Wok Express,3,105.91,4.47,112.07,39,E-Wallet,9.0
FD-00054,2025-07-29 13:32:00,Jeddah,Member,Lunch,American,Burger Hub,7,206.85,8.93,223.02,17,E-Wallet,8.9
FD-00055,2025-07-09 18:33:00,Khobar,Member,Dinner,Italian,Pasta House,3,58.12,7.96,70.78,49,Credit Card,8.2
FD-00056,2025-11-26 21:40:00,Jeddah,Member,Dinner,Saudi,Rice & Spice,2,44.29,14.01,64.88,58,E-Wallet,8.3
FD-00057,2025-10-01 12:33:00,Dammam,Member,Lunch,Italian,Rice & Spice,6,254.72,6.77,255.08,24,Cash,9.0
FD-00058,2025-05-03 18:23:00,Jeddah,Normal,Dinner,American,Pasta House,8,231.32,10.57,241.04,33,Credit Card,9.2
FD-00059,2025-04-24 13:13:00,Jeddah,Normal,Lunch,Asian,Green Bowl,6,222.93,8.52,225.98,52,E-Wallet,7.9
FD-00060,2025-09-04 14:19:00,Jeddah,Member,Lunch,Asian,Burger Hub,5,244.84,14.82,268.4,37,Credit Card,8.9
FD-00061,2025-10-30 13:25:00,Jeddah,Member,Lunch,Asian,Najd Kitchen,5,174.1,4.79,176.49,39,Cash,9.0
FD-00062,2025-03-22 13:43:00,Riyadh,Member,Lunch,Saudi,Urban Bites,5,221.34,6.37,231.77,36,E-Wallet,8.5
FD-00063,2025-07-31 21:47:00,Riyadh,Member,Dinner,American,Wok Express,7,128.92,10.0,141.92,51,Credit Card,8.1
FD-00064,2025-03-23 21:45:00,Riyadh,Member,Dinner,American,Daily Dish,7,244.01,12.86,258.55,42,E-Wallet,6.8
FD-00065,2025-11-07 18:28:00,Makkah,Member,Dinner,Asian,Green Bowl,3,58.71,11.66,62.93,39,Credit Card,8.6
FD-00066,2025-12-14 21:21:00,Khobar,Normal,Dinner,Healthy,Rice & Spice,2,68.54,6.96,78.62,41,Credit Card,7.7
FD-00067,2025-09-27 19:29:00,Riyadh,Member,Dinner,Saudi,Family Grill,8,210.05,8.91,219.2,44,Cash,7.3
FD-00068,2025-08-31 17:11:00,Riyadh,Normal,Snack,Asian,Green Bowl,4,85.52,6.43,88.15,41,Cash,6.8
FD-00069,2025-06-25 15:03:00,Riyadh,Normal,Lunch,Italian,Burger Hub,1,21.02,11.97,32.59,30,E-Wallet,9.8
FD-00070,2025-04-24 20:46:00,Riyadh,Member,Dinner,American,Rice & Spice,4,94.4,11.59,111.6,34,Cash,8.3
FD-00071,2025-05-31 19:54:00,Dammam,Member,Dinner,Italian,Najd Kitchen,1,20.02,8.3,28.64,39,E-Wallet,7.2
FD-00072,2025-06-03 19:51:00,Dammam,Normal,Dinner,Italian,Burger Hub,5,96.74,14.99,101.38,15,E-Wallet,9.5
FD-00073,2025-03-17 22:14:00,Riyadh,Member,Dinner,Saudi,Pasta House,7,133.13,8.28,142.41,34,E-Wallet,9.2
FD-00074,2025-01-16 18:55:00,Makkah,Normal,Snack,Asian,Daily Dish,7,168.86,8.08,179.43,33,Credit Card,8.4
FD-00075,2025-11-02 13:47:00,Makkah,Member,Lunch,American,Rice & Spice,2,57.04,14.5,73.24,49,E-Wallet,7.2
FD-00076,2025-09-25 18:05:00,Dammam,Normal,Dinner,Italian,Taste of Jeddah,8,404.27,11.37,419.13,39,E-Wallet,7.7
FD-00077,2025-08-08 15:11:00,Jeddah,Normal,Lunch,Saudi,Taste of Jeddah,1,20.57,11.3,31.89,45,E-Wallet,7.0
FD-00078,2025-07-30 18:31:00,Makkah,Member,Dinner,Italian,Urban Bites,6,140.92,5.59,150.31,44,Credit Card,8.1
FD-00079,2025-07-16 22:37:00,Jeddah,Member,Dinner,Italian,Urban Bites,1,40.82,5.14,36.96,33,Cash,8.1
FD-00080,2025-02-17 12:14:00,Jeddah,Normal,Lunch,American,Taste of Jeddah,2,94.45,13.0,116.14,40,Credit Card,7.7
FD-00081,2025-06-30 15:44:00,Khobar,Member,Lunch,Italian,Wok Express,5,169.22,12.61,185.64,31,Credit Card,9.4
FD-00082,2025-01-29 14:59:00,Jeddah,Member,Lunch,American,Urban Bites,7,259.85,7.72,270.73,52,Credit Card,7.4
FD-00083,2025-05-22 16:17:00,Riyadh,Normal,Snack,Italian,Rice & Spice,6,147.28,4.18,155.19,55,E-Wallet,7.4
FD-00084,2025-02-24 13:41:00,Riyadh,Member,Lunch,Healthy,Taste of Jeddah,5,169.95,12.88,185.5,51,Cash,9.0
FD-00085,2025-11-09 22:38:00,Dammam,Member,Dinner,Saudi,Pasta House,6,192.87,12.69,202.85,38,E-Wallet,7.9
FD-00086,2025-12-29 12:28:00,Dammam,Normal,Lunch,American,Family Grill,3,135.26,10.59,149.12,24,E-Wallet,9.1
FD-00087,2025-03-27 15:08:00,Dammam,Member,Lunch,Saudi,Rice & Spice,4,87.15,6.07,101.07,36,E-Wallet,8.2
FD-00088,2025-04-29 09:22:00,Dammam,Member,Breakfast,Asian,Green Bowl,5,63.94,13.87,73.98,32,Cash,9.5
FD-00089,2025-11-30 22:20:00,Dammam,Member,Dinner,Italian,Burger Hub,8,360.41,13.9,373.11,39,Cash,7.9
FD-00090,2025-02-07 17:15:00,Riyadh,Member,Snack,Asian,Green Bowl,8,120.75,6.16,124.92,25,Credit Card,9.4
FD-00091,2025-06-28 14:32:00,Jeddah,Member,Lunch,Saudi,Pasta House,7,239.95,8.47,244.21,39,E-Wallet,9.0
FD-00092,2025-11-14 18:50:00,Dammam,Normal,Snack,Asian,Pasta House,5,107.16,4.72,108.89,28,E-Wallet,9.1
FD-00093,2025-09-25 17:10:00,Dammam,Normal,Snack,American,Green Bowl,7,151.86,4.63,156.76,27,Credit Card,8.7
FD-00094,2025-01-06 22:45:00,Khobar,Normal,Dinner,Asian,Family Grill,2,114.59,7.49,128.51,26,Credit Card,9.1
FD-00095,2025-11-04 19:15:00,Dammam,Normal,Dinner,American,Najd Kitchen,2,60.81,4.07,73.41,37,E-Wallet,8.6
FD-00096,2025-06-03 22:34:00,Riyadh,Normal,Dinner,Saudi,Rice & Spice,2,72.82,11.72,83.45,49,Credit Card,7.4
FD-00097,2025-01-08 15:00:00,Dammam,Member,Lunch,Asian,Wok Express,8,270.48,14.69,288.25,35,E-Wallet,8.6
FD-00098,2025-08-11 18:59:00,Makkah,Member,Dinner,American,Family Grill,3,160.72,4.74,165.81,53,Credit Card,7.8
FD-00099,2025-08-06 12:37:00,Jeddah,Normal,Lunch,Asian,Daily Dish,8,410.7,5.44,414.58,32,E-Wallet,8.0
FD-00100,2025-06-01 10:52:00,Jeddah,Member,Breakfast,Healthy,Green Bowl,8,293.81,14.6,303.81,36,E-Wallet,7.6
FD-00101,2025-07-09 15:41:00,Riyadh,Normal,Lunch,American,Burger Hub,2,114.14,8.97,128.99,47,Credit Card,7.9
FD-00102,2025-07-09 18:58:00,Dammam,Normal,Snack,American,Rice & Spice,6,187.12,10.1,195.62,46,Credit Card,8.6
FD-00103,2025-05-11 14:19:00,Jeddah,Member,Lunch,Saudi,Urban Bites,7,206.46,9.58,214.2,41,Cash,8.5
FD-00104,2025-02-22 18:44:00,Dammam,Member,Dinner,American,Taste of Jeddah,2,39.89,12.11,52.27,44,Cash,10.0
FD-00105,2025-01-05 20:57:00,Khobar,Member,Dinner,American,Wok Express,3,119.08,8.41,124.13,42,Credit Card,8.6
FD-00106,2025-01-02 22:22:00,Khobar,Normal,Dinner,Asian,Green Bowl,4,121.53,8.31,131.5,50,Credit Card,8.1
FD-00107,2025-09-04 16:25:00,Makkah,Member,Snack,American,Urban Bites,5,75.18,6.51,74.04,23,Credit Card,10.0
FD-00108,2025-04-08 20:42:00,Khobar,Member,Dinner,Italian,Wok Express,8,439.92,6.79,445.57,47,E-Wallet,6.6
FD-00109,2025-08-27 20:31:00,Jeddah,Normal,Dinner,American,Green Bowl,3,70.95,12.21,76.36,28,E-Wallet,7.7
FD-00110,2025-06-14 08:42:00,Dammam,Normal,Breakfast,Asian,Urban Bites,1,31.64,15.0,48.37,28,Cash,9.3
FD-00111,2025-04-16 15:19:00,Jeddah,Normal,Lunch,Healthy,Rice & Spice,7,108.62,4.54,119.42,37,E-Wallet,7.5
FD-00112,2025-10-06 18:14:00,Makkah,Member,Snack,Asian,Najd Kitchen,7,182.51,5.52,188.33,47,E-Wallet,8.4
FD-00113,2025-05-30 20:05:00,Khobar,Member,Dinner,Saudi,Daily Dish,7,149.74,4.16,154.68,44,Credit Card,7.6
FD-00114,2025-07-14 18:02:00,Makkah,Member,Dinner,Italian,Wok Express,6,186.65,11.7,201.37,26,E-Wallet,9.3
FD-00115,2025-05-05 15:08:00,Makkah,Normal,Lunch,Asian,Burger Hub,1,48.86,6.78,56.55,48,E-Wallet,6.3
FD-00116,2025-07-29 14:24:00,Khobar,Normal,Lunch,Saudi,Pasta House,5,160.93,14.17,170.61,34,E-Wallet,9.3
FD-00117,2025-11-27 09:45:00,Dammam,Member,Breakfast,Healthy,Green Bowl,7,255.15,11.91,266.41,16,Credit Card,9.8
FD-00118,2025-04-01 19:12:00,Khobar,Member,Dinner,Saudi,Rice & Spice,4,71.87,4.74,85.5,24,Credit Card,9.1
FD-00119,2025-08-29 07:35:00,Makkah,Member,Breakfast,Saudi,Family Grill,1,22.51,7.74,27.61,44,Credit Card,9.2
FD-00120,2025-02-20 19:15:00,Riyadh,Member,Dinner,American,Burger Hub,6,250.47,8.71,257.09,43,Credit Card,7.9
FD-00121,2025-04-13 10:17:00,Riyadh,Member,Breakfast,Italian,Daily Dish,7,177.39,11.28,188.54,28,E-Wallet,8.6
FD-00122,2025-08-16 17:39:00,Makkah,Normal,Snack,Asian,Rice & Spice,1,29.64,10.14,37.36,15,Cash,8.8
FD-00123,2025-08-16 13:50:00,Jeddah,Member,Lunch,American,Urban Bites,2,102.46,10.95,112.66,29,E-Wallet,8.6
FD-00124,2025-10-09 21:32:00,Riyadh,Normal,Dinner,Saudi,Rice & Spice,2,93.97,6.29,101.74,31,E-Wallet,8.2
FD-00125,2025-03-31 08:40:00,Dammam,Member,Breakfast,Healthy,Taste of Jeddah,6,108.66,4.31,114.13,30,Credit Card,7.0
FD-00126,2025-03-15 22:13:00,Khobar,Member,Dinner,Italian,Burger Hub,1,55.16,13.96,74.64,25,Credit Card,10.0
FD-00127,2025-03-30 22:27:00,Makkah,Normal,Dinner,Saudi,Green Bowl,2,71.24,12.72,87.07,45,E-Wallet,7.4
FD-00128,2025-11-26 17:15:00,Makkah,Member,Snack,Asian,Rice & Spice,7,228.05,10.99,237.29,31,Credit Card,9.4
FD-00129,2025-10-09 19:06:00,Jeddah,Member,Dinner,Italian,Taste of Jeddah,4,94.6,10.3,103.59,15,E-Wallet,9.3
FD-00130,2025-12-11 19:51:00,Jeddah,Member,Dinner,Italian,Green Bowl,3,123.15,12.81,127.0,44,Cash,8.3
FD-00131,2025-07-07 12:54:00,Khobar,Member,Lunch,Saudi,Urban Bites,2,36.06,8.74,36.45,33,Credit Card,8.6
FD-00132,2025-01-03 10:45:00,Dammam,Normal,Breakfast,Asian,Daily Dish,7,167.74,14.06,177.35,42,E-Wallet,8.9
FD-00133,2025-12-11 18:35:00,Jeddah,Normal,Dinner,Italian,Najd Kitchen,6,156.84,6.62,157.44,31,E-Wallet,8.6
FD-00134,2025-06-23 18:00:00,Dammam,Normal,Dinner,American,Taste of Jeddah,7,287.5,12.94,300.08,32,Cash,8.8
FD-00135,2025-11-18 08:04:00,Dammam,Member,Breakfast,American,Najd Kitchen,3,118.49,5.3,133.56,43,Cash,7.9
FD-00136,2025-02-04 19:23:00,Dammam,Member,Dinner,Asian,Urban Bites,6,141.18,7.37,146.33,53,E-Wallet,7.8
FD-00137,2025-04-22 18:48:00,Makkah,Normal,Dinner,Asian,Pasta House,1,52.57,13.84,78.05,30,E-Wallet,7.9
FD-00138,2025-08-20 07:17:00,Jeddah,Normal,Breakfast,Asian,Daily Dish,8,105.64,9.22,111.88,19,Credit Card,8.6
FD-00139,2025-06-24 07:37:00,Dammam,Member,Breakfast,American,Burger Hub,7,126.41,10.15,134.53,38,E-Wallet,8.8
FD-00140,2025-10-07 07:04:00,Riyadh,Member,Breakfast,Italian,Pasta House,2,81.26,4.63,83.91,35,E-Wallet,8.5
FD-00141,2025-02-24 19:03:00,Jeddah,Member,Dinner,Healthy,Wok Express,6,113.2,7.71,116.05,39,E-Wallet,8.8
FD-00142,2025-04-12 15:57:00,Khobar,Normal,Lunch,Saudi,Rice & Spice,4,118.96,13.89,129.42,39,Credit Card,9.3
FD-00143,2025-11-30 07:14:00,Riyadh,Normal,Breakfast,Healthy,Green Bowl,4,100.48,7.97,106.29,26,E-Wallet,8.9
FD-00144,2025-01-22 22:11:00,Riyadh,Member,Dinner,Asian,Najd Kitchen,1,29.18,11.65,46.97,38,Cash,8.8
FD-00145,2025-01-21 18:42:00,Makkah,Member,Snack,Healthy,Family Grill,2,51.79,14.76,68.18,36,E-Wallet,8.8
FD-00146,2025-11-22 09:06:00,Makkah,Member,Breakfast,Saudi,Wok Express,8,212.66,8.97,223.93,35,E-Wallet,8.4
FD-00147,2025-01-13 22:19:00,Khobar,Member,Dinner,Saudi,Rice & Spice,5,91.06,12.44,107.55,30,Credit Card,8.5
FD-00148,2025-09-23 09:23:00,Riyadh,Normal,Breakfast,Saudi,Daily Dish,5,127.29,8.65,137.51,58,E-Wallet,8.7
FD-00149,2025-07-30 19:56:00,Riyadh,Member,Dinner,Asian,Burger Hub,8,280.99,5.82,291.84,34,E-Wallet,8.3
FD-00150,2025-07-29 17:24:00,Riyadh,Member,Snack,Italian,Family Grill,7,103.85,14.65,116.57,35,Cash,8.1
FD-00151,2025-08-07 07:40:00,Riyadh,Member,Breakfast,Saudi,Rice & Spice,2,58.14,6.76,66.92,53,Credit Card,8.4
FD-00152,2025-12-10 22:14:00,Jeddah,Normal,Dinner,Italian,Rice & Spice,5,223.46,9.79,239.47,41,Cash,8.6
FD-00153,2025-06-23 09:17:00,Riyadh,Member,Breakfast,Healthy,Green Bowl,6,115.01,14.22,123.29,27,Cash,9.3
FD-00154,2025-07-01 14:48:00,Dammam,Member,Lunch,American,Urban Bites,1,29.16,13.93,41.95,25,E-Wallet,8.9
FD-00155,2025-11-18 18:06:00,Makkah,Member,Dinner,Asian,Family Grill,8,126.61,13.23,143.44,49,E-Wallet,9.1
FD-00156,2025-02-18 19:22:00,Makkah,Normal,Dinner,Healthy,Najd Kitchen,4,82.86,10.06,89.37,41,Credit Card,8.1
FD-00157,2025-06-22 08:14:00,Riyadh,Member,Breakfast,Italian,Urban Bites,8,210.07,13.82,229.89,38,E-Wallet,8.6
FD-00158,2025-07-30 12:00:00,Khobar,Normal,Lunch,Saudi,Urban Bites,1,24.75,4.0,27.53,42,Cash,8.0
FD-00159,2025-11-06 18:09:00,Dammam,Member,Snack,American,Najd Kitchen,5,101.58,7.13,110.45,27,E-Wallet,9.3
FD-00160,2025-11-19 08:50:00,Riyadh,Normal,Breakfast,Saudi,Pasta House,6,244.15,12.42,258.89,15,E-Wallet,10.0
FD-00161,2025-01-20 18:33:00,Jeddah,Member,Snack,American,Taste of Jeddah,1,24.11,9.59,36.62,26,E-Wallet,8.7
FD-00162,2025-12-17 22:43:00,Makkah,Member,Dinner,American,Burger Hub,2,110.45,8.84,118.91,44,E-Wallet,7.6
FD-00163,2025-08-12 18:09:00,Jeddah,Member,Dinner,American,Rice & Spice,2,115.83,10.29,121.16,51,Credit Card,6.8
FD-00164,2025-11-09 09:10:00,Makkah,Normal,Breakfast,Italian,Taste of Jeddah,8,142.69,7.89,158.47,36,Cash,8.8
FD-00165,2025-04-01 16:57:00,Riyadh,Normal,Snack,American,Najd Kitchen,6,86.97,11.12,100.24,31,E-Wallet,8.4
FD-00166,2025-05-19 19:14:00,Makkah,Member,Dinner,Healthy,Family Grill,1,18.61,6.77,18.12,19,Cash,9.4
FD-00167,2025-09-21 13:29:00,Riyadh,Member,Lunch,Italian,Wok Express,2,78.08,6.35,89.21,46,Credit Card,9.1
FD-00168,2025-08-31 22:41:00,Khobar,Member,Dinner,Healthy,Green Bowl,3,148.29,12.85,168.46,36,E-Wallet,9.9
FD-00169,2025-03-09 10:22:00,Riyadh,Member,Breakfast,Healthy,Daily Dish,4,66.63,4.22,75.6,49,Cash,7.8
FD-00170,2025-06-21 14:18:00,Riyadh,Normal,Lunch,Saudi,Rice & Spice,7,347.74,9.6,357.76,31,Cash,8.0
FD-00171,2025-01-25 15:36:00,Jeddah,Normal,Lunch,American,Daily Dish,4,134.82,11.84,149.95,51,Credit Card,8.0
FD-00172,2025-10-24 22:53:00,Makkah,Normal,Dinner,Italian,Burger Hub,7,266.26,10.09,275.5,45,Cash,6.9
FD-00173,2025-04-17 10:00:00,Khobar,Member,Breakfast,Italian,Pasta House,4,78.96,9.69,90.99,43,Cash,6.7
FD-00174,2025-01-06 21:46:00,Riyadh,Member,Dinner,Asian,Green Bowl,3,121.31,8.44,124.89,41,E-Wallet,8.1
FD-00175,2025-02-24 19:26:00,Jeddah,Member,Dinner,Saudi,Green Bowl,7,271.28,10.52,281.14,54,Credit Card,6.9
FD-00176,2025-03-06 14:31:00,Riyadh,Normal,Lunch,Asian,Taste of Jeddah,3,57.52,11.61,62.41,19,Cash,9.9
FD-00177,2025-08-05 22:30:00,Riyadh,Member,Dinner,Healthy,Family Grill,4,131.01,9.76,140.05,43,Cash,8.2
FD-00178,2025-08-20 14:35:00,Khobar,Member,Lunch,Saudi,Wok Express,1,19.9,13.22,24.84,35,Cash,8.5
FD-00179,2025-06-12 16:58:00,Dammam,Member,Snack,Italian,Burger Hub,4,49.52,11.86,62.9,29,Credit Card,8.9
FD-00180,2025-07-23 22:22:00,Dammam,Member,Dinner,Italian,Pasta House,2,93.23,11.81,101.74,31,E-Wallet,8.2
FD-00181,2025-12-06 16:07:00,Riyadh,Normal,Snack,Italian,Urban Bites,4,131.3,9.84,142.54,18,E-Wallet,9.8
FD-00182,2025-06-23 14:04:00,Khobar,Member,Lunch,Asian,Wok Express,8,331.67,12.23,341.93,42,Credit Card,6.8
FD-00183,2025-01-18 07:29:00,Khobar,Member,Breakfast,Saudi,Daily Dish,2,81.01,3.81,81.74,41,Credit Card,7.7
FD-00184,2025-05-14 22:11:00,Khobar,Member,Dinner,Saudi,Daily Dish,1,43.63,9.92,56.31,37,E-Wallet,7.8
FD-00185,2025-06-30 14:47:00,Makkah,Member,Lunch,Healthy,Rice & Spice,1,22.7,14.19,36.21,28,E-Wallet,8.6
FD-00186,2025-01-03 21:18:00,Jeddah,Normal,Dinner,Italian,Rice & Spice,1,56.16,5.58,64.28,43,E-Wallet,6.6
FD-00187,2025-01-23 15:09:00,Riyadh,Member,Lunch,Asian,Rice & Spice,8,211.27,10.19,227.73,42,Cash,6.9
FD-00188,2025-01-03 10:30:00,Jeddah,Normal,Breakfast,Saudi,Green Bowl,4,56.74,11.79,63.69,32,E-Wallet,9.5
FD-00189,2025-12-09 13:36:00,Khobar,Member,Lunch,American,Green Bowl,4,209.65,11.54,230.38,36,Cash,8.5
FD-00190,2025-10-05 14:20:00,Riyadh,Normal,Lunch,Healthy,Burger Hub,5,90.81,13.51,97.22,22,Credit Card,8.8
FD-00191,2025-04-25 07:48:00,Dammam,Normal,Breakfast,Italian,Family Grill,8,206.92,14.11,228.07,26,Cash,8.5
FD-00192,2025-05-26 21:58:00,Khobar,Member,Dinner,Asian,Family Grill,6,133.84,5.34,138.52,40,E-Wallet,6.4
FD-00193,2025-01-11 18:29:00,Khobar,Member,Dinner,Asian,Rice & Spice,2,65.19,12.11,74.91,23,E-Wallet,9.2
FD-00194,2025-08-16 07:29:00,Jeddah,Normal,Breakfast,Healthy,Green Bowl,5,129.5,11.38,138.49,41,Credit Card,7.6
FD-00195,2025-06-13 13:21:00,Riyadh,Normal,Lunch,Healthy,Rice & Spice,1,41.26,12.93,60.91,27,E-Wallet,9.6
FD-00196,2025-06-07 22:56:00,Khobar,Normal,Dinner,Saudi,Rice & Spice,7,303.72,9.12,313.56,47,Cash,7.9
FD-00197,2025-11-21 19:53:00,Dammam,Member,Dinner,Asian,Burger Hub,4,205.24,4.43,203.45,43,Credit Card,7.6
FD-00198,2025-01-16 16:17:00,Riyadh,Normal,Snack,American,Pasta House,4,77.46,13.59,92.54,46,Cash,8.5
FD-00199,2025-05-23 12:09:00,Khobar,Normal,Lunch,Saudi,Daily Dish,2,99.38,5.87,108.55,29,Credit Card,10.0
FD-00200,2025-09-05 18:35:00,Makkah,Member,Dinner,Italian,Rice & Spice,6,292.65,8.46,301.67,42,Credit Card,9.7
FD-00201,2025-04-02 17:36:00,Jeddah,Normal,Snack,Italian,Green Bowl,3,117.56,11.24,128.18,45,Credit Card,8.0
FD-00202,2025-10-18 09:18:00,Dammam,Normal,Breakfast,Asian,Najd Kitchen,4,66.96,12.56,84.3,38,E-Wallet,9.2
FD-00203,2025-11-18 09:14:00,Jeddah,Member,Breakfast,Italian,Green Bowl,1,22.19,9.01,35.89,31,Cash,9.1
FD-00204,2025-04-28 12:51:00,Riyadh,Normal,Lunch,Asian,Burger Hub,1,49.38,4.19,57.97,35,Cash,9.0
FD-00205,2025-12-12 15:04:00,Khobar,Member,Lunch,Asian,Family Grill,8,292.01,9.86,303.35,15,Credit Card,9.5
FD-00206,2025-05-19 21:34:00,Khobar,Normal,Dinner,Italian,Pasta House,3,147.9,7.62,153.2,41,E-Wallet,9.0
FD-00207,2025-01-26 18:49:00,Khobar,Normal,Snack,American,Burger Hub,8,121.35,12.85,125.47,21,E-Wallet,9.2
FD-00208,2025-11-23 13:44:00,Jeddah,Normal,Lunch,Saudi,Pasta House,5,212.92,4.5,225.12,38,E-Wallet,8.6
FD-00209,2025-04-30 16:35:00,Jeddah,Member,Snack,Saudi,Green Bowl,2,51.89,12.98,61.71,24,E-Wallet,9.2
FD-00210,2025-10-08 15:44:00,Dammam,Normal,Lunch,Asian,Family Grill,3,104.53,14.12,115.24,33,Credit Card,9.3
FD-00211,2025-04-21 20:39:00,Khobar,Member,Dinner,Asian,Daily Dish,2,97.42,4.28,99.68,49,E-Wallet,8.1
FD-00212,2025-04-06 22:00:00,Dammam,Member,Dinner,Healthy,Burger Hub,1,26.32,10.78,35.79,46,Credit Card,7.7
FD-00213,2025-07-10 07:18:00,Jeddah,Member,Breakfast,Saudi,Taste of Jeddah,1,29.38,4.92,35.17,39,E-Wallet,9.0
FD-00214,2025-03-21 14:16:00,Makkah,Member,Lunch,Healthy,Family Grill,5,75.43,13.0,89.77,37,E-Wallet,7.7
FD-00215,2025-10-07 21:12:00,Makkah,Normal,Dinner,Italian,Pasta House,6,106.64,11.06,120.39,27,Credit Card,8.7
FD-00216,2025-01-11 15:58:00,Makkah,Normal,Lunch,Asian,Rice & Spice,6,197.26,14.98,212.77,21,Credit Card,9.3
FD-00217,2025-03-16 13:04:00,Makkah,Member,Lunch,American,Pasta House,1,35.56,6.5,47.3,15,Cash,9.6
FD-00218,2025-12-20 22:35:00,Jeddah,Normal,Dinner,Saudi,Green Bowl,7,254.68,13.65,272.01,41,Credit Card,8.6
FD-00219,2025-02-15 21:42:00,Riyadh,Normal,Dinner,American,Burger Hub,1,38.02,4.96,49.82,25,E-Wallet,10.0
FD-00220,2025-11-25 10:33:00,Khobar,Normal,Breakfast,Saudi,Rice & Spice,7,172.28,6.41,177.37,32,E-Wallet,8.5
FD-00221,2025-01-30 19:25:00,Jeddah,Member,Dinner,Italian,Pasta House,8,269.32,6.59,276.83,37,E-Wallet,7.8
FD-00222,2025-09-09 09:08:00,Makkah,Member,Breakfast,Healthy,Taste of Jeddah,4,88.23,7.39,95.93,37,E-Wallet,8.7
FD-00223,2025-03-02 13:18:00,Khobar,Normal,Lunch,Saudi,Najd Kitchen,2,102.88,4.99,100.78,42,E-Wallet,9.2
FD-00224,2025-02-08 19:07:00,Dammam,Member,Dinner,Healthy,Pasta House,7,185.15,9.89,187.65,47,E-Wallet,7.9
FD-00225,2025-02-23 15:43:00,Riyadh,Normal,Lunch,American,Taste of Jeddah,7,148.89,14.63,158.25,38,Credit Card,8.4
FD-00226,2025-05-14 15:10:00,Makkah,Normal,Lunch,American,Rice & Spice,2,92.07,6.59,100.59,40,Credit Card,7.6
FD-00227,2025-07-18 18:56:00,Makkah,Member,Snack,Healthy,Najd Kitchen,6,89.72,13.8,103.76,42,Cash,9.3
FD-00228,2025-11-08 14:53:00,Riyadh,Normal,Lunch,Healthy,Urban Bites,3,121.93,5.42,125.93,49,Credit Card,7.6
FD-00229,2025-01-20 20:03:00,Makkah,Member,Dinner,Italian,Green Bowl,4,188.7,8.59,203.07,47,E-Wallet,8.6
FD-00230,2025-03-25 16:20:00,Jeddah,Member,Snack,Asian,Taste of Jeddah,5,64.29,11.53,74.82,29,E-Wallet,9.8
FD-00231,2025-06-30 18:36:00,Riyadh,Normal,Dinner,American,Green Bowl,3,91.3,11.5,101.5,42,E-Wallet,7.9
FD-00232,2025-08-11 15:13:00,Jeddah,Normal,Lunch,Healthy,Rice & Spice,7,246.74,8.12,259.06,49,E-Wallet,7.3
FD-00233,2025-01-18 16:45:00,Dammam,Normal,Snack,American,Daily Dish,2,61.44,14.98,84.17,55,Cash,8.6
FD-00234,2025-01-11 07:17:00,Khobar,Member,Breakfast,Saudi,Wok Express,4,106.88,11.15,124.51,36,E-Wallet,8.5
FD-00235,2025-02-16 17:26:00,Jeddah,Member,Snack,American,Daily Dish,7,238.64,5.96,247.17,33,Credit Card,8.2
FD-00236,2025-06-08 21:56:00,Khobar,Normal,Dinner,Italian,Family Grill,2,75.93,11.08,95.85,28,E-Wallet,7.7
FD-00237,2025-07-21 19:06:00,Makkah,Normal,Dinner,Healthy,Green Bowl,1,28.46,6.38,28.2,41,Credit Card,8.4
FD-00238,2025-07-21 13:09:00,Riyadh,Normal,Lunch,American,Rice & Spice,3,140.02,13.4,151.56,31,Credit Card,8.3
FD-00239,2025-11-25 14:17:00,Dammam,Normal,Lunch,Italian,Wok Express,6,233.46,7.02,234.28,33,Credit Card,7.9
FD-00240,2025-07-14 13:14:00,Jeddah,Normal,Lunch,Healthy,Wok Express,7,219.95,14.0,238.2,47,E-Wallet,8.0
FD-00241,2025-08-12 19:00:00,Jeddah,Normal,Dinner,Healthy,Burger Hub,6,215.32,7.91,218.74,36,Cash,9.6
FD-00242,2025-02-20 15:42:00,Khobar,Member,Lunch,Italian,Wok Express,1,23.9,8.56,25.41,54,Cash,7.5
FD-00243,2025-08-09 14:26:00,Makkah,Member,Lunch,Saudi,Wok Express,7,161.28,9.54,171.21,22,E-Wallet,9.2
FD-00244,2025-03-15 18:27:00,Khobar,Normal,Snack,Saudi,Burger Hub,2,65.42,11.62,76.68,31,Credit Card,9.2
FD-00245,2025-04-22 07:13:00,Jeddah,Member,Breakfast,Saudi,Najd Kitchen,1,14.72,5.76,30.87,34,Credit Card,8.5
FD-00246,2025-10-05 17:25:00,Riyadh,Member,Snack,Italian,Urban Bites,7,157.08,7.66,157.01,27,Cash,9.5
FD-00247,2025-07-08 14:37:00,Riyadh,Normal,Lunch,Asian,Najd Kitchen,7,187.08,11.5,196.32,30,E-Wallet,9.7
FD-00248,2025-08-29 12:45:00,Riyadh,Normal,Lunch,American,Wok Express,7,405.31,5.96,402.72,35,Cash,7.9
FD-00249,2025-09-04 15:09:00,Makkah,Member,Lunch,Asian,Daily Dish,5,104.7,5.74,107.37,30,Credit Card,7.4
FD-00250,2025-09-01 15:46:00,Dammam,Member,Lunch,Asian,Wok Express,2,64.2,4.54,68.87,21,E-Wallet,8.2
FD-00251,2025-03-09 08:41:00,Dammam,Member,Breakfast,American,Najd Kitchen,3,46.64,9.51,56.01,45,Cash,10.0
FD-00252,2025-06-01 22:33:00,Khobar,Member,Dinner,American,Daily Dish,5,228.28,5.25,235.27,27,Credit Card,8.6
FD-00253,2025-05-23 18:52:00,Riyadh,Member,Dinner,American,Daily Dish,7,126.61,11.18,134.55,29,E-Wallet,8.7
FD-00254,2025-08-26 22:00:00,Khobar,Member,Dinner,American,Family Grill,5,182.71,12.23,190.28,33,Cash,9.2
FD-00255,2025-09-29 21:57:00,Riyadh,Normal,Dinner,Asian,Wok Express,6,323.35,4.84,335.73,48,Cash,7.9
FD-00256,2025-04-06 13:05:00,Dammam,Normal,Lunch,American,Family Grill,1,17.55,9.07,29.86,29,Credit Card,8.7
FD-00257,2025-10-29 14:02:00,Riyadh,Member,Lunch,Italian,Family Grill,5,218.24,12.86,228.88,46,Credit Card,8.3
FD-00258,2025-09-19 22:33:00,Riyadh,Member,Dinner,American,Wok Express,6,121.48,14.72,143.0,36,Credit Card,8.0
FD-00259,2025-01-12 16:59:00,Riyadh,Member,Snack,Asian,Urban Bites,4,150.93,12.16,164.64,24,Credit Card,8.7
FD-00260,2025-06-14 13:19:00,Dammam,Member,Lunch,Saudi,Daily Dish,8,266.11,10.79,273.49,34,E-Wallet,8.4
FD-00261,2025-01-14 14:19:00,Riyadh,Member,Lunch,Asian,Daily Dish,2,52.09,5.79,65.34,28,E-Wallet,8.7
FD-00262,2025-04-08 20:29:00,Khobar,Normal,Dinner,Saudi,Urban Bites,4,77.78,4.87,82.29,40,E-Wallet,7.8
FD-00263,2025-02-13 21:57:00,Riyadh,Normal,Dinner,Saudi,Burger Hub,6,188.28,11.53,194.94,44,E-Wallet,8.0
FD-00264,2025-02-27 19:03:00,Makkah,Normal,Dinner,Italian,Green Bowl,5,194.41,8.8,201.27,27,Cash,7.8
FD-00265,2025-02-19 21:24:00,Riyadh,Normal,Dinner,Healthy,Green Bowl,3,93.43,9.48,112.27,36,Credit Card,8.1
FD-00266,2025-08-21 17:43:00,Makkah,Member,Snack,Asian,Green Bowl,2,48.65,7.35,59.33,28,Cash,8.7
FD-00267,2025-12-18 14:37:00,Riyadh,Normal,Lunch,Asian,Rice & Spice,3,135.44,11.45,151.26,32,Cash,8.3
FD-00268,2025-12-12 17:32:00,Dammam,Member,Snack,Saudi,Pasta House,8,91.6,12.83,105.41,30,Credit Card,9.5
FD-00269,2025-10-31 09:03:00,Khobar,Normal,Breakfast,Asian,Wok Express,7,261.58,14.43,277.07,42,Credit Card,7.8
FD-00270,2025-06-08 21:51:00,Khobar,Member,Dinner,American,Wok Express,5,101.25,10.23,114.73,41,Cash,8.3
FD-00271,2025-08-04 22:33:00,Khobar,Normal,Dinner,Healthy,Family Grill,1,36.93,9.8,47.09,32,Credit Card,6.1
FD-00272,2025-01-09 12:18:00,Riyadh,Member,Lunch,Saudi,Taste of Jeddah,1,27.15,11.17,41.3,45,E-Wallet,8.8
FD-00273,2025-05-20 15:27:00,Jeddah,Normal,Lunch,Asian,Urban Bites,7,113.53,13.96,134.99,20,Cash,9.2
FD-00274,2025-06-13 13:26:00,Riyadh,Member,Lunch,Italian,Wok Express,3,77.32,7.41,74.67,44,E-Wallet,8.4
FD-00275,2025-05-25 12:27:00,Riyadh,Normal,Lunch,Italian,Taste of Jeddah,4,203.58,12.79,219.07,50,Cash,7.5
FD-00276,2025-03-01 12:48:00,Makkah,Member,Lunch,Healthy,Family Grill,6,119.7,14.58,136.62,31,E-Wallet,8.5
FD-00277,2025-10-18 15:06:00,Jeddah,Member,Lunch,Asian,Green Bowl,8,241.07,7.46,247.36,46,Credit Card,8.2
FD-00278,2025-08-16 19:16:00,Riyadh,Normal,Dinner,Italian,Green Bowl,2,104.26,9.28,110.1,26,E-Wallet,8.8
FD-00279,2025-05-17 16:43:00,Khobar,Normal,Snack,Asian,Green Bowl,7,108.31,8.2,119.47,31,Credit Card,9.1
FD-00280,2025-05-29 22:32:00,Dammam,Normal,Dinner,Saudi,Green Bowl,3,156.68,6.85,154.66,47,Cash,7.3
FD-00281,2025-04-14 20:49:00,Jeddah,Normal,Dinner,Saudi,Green Bowl,1,27.51,5.78,35.86,34,Cash,8.6
FD-00282,2025-12-09 14:29:00,Jeddah,Normal,Lunch,Saudi,Najd Kitchen,3,148.35,15.0,155.86,16,E-Wallet,9.1
FD-00283,2025-09-17 19:11:00,Khobar,Member,Dinner,Italian,Pasta House,6,233.36,4.63,242.3,50,Credit Card,7.6
FD-00284,2025-06-02 14:52:00,Dammam,Normal,Lunch,American,Family Grill,5,139.85,4.78,147.01,30,Credit Card,8.4
FD-00285,2025-08-02 18:47:00,Jeddah,Member,Dinner,Italian,Taste of Jeddah,2,40.45,5.27,45.62,28,Credit Card,8.6
FD-00286,2025-11-01 19:13:00,Makkah,Member,Dinner,Saudi,Rice & Spice,5,152.05,7.97,165.31,31,Credit Card,8.2
FD-00287,2025-07-08 10:42:00,Jeddah,Normal,Breakfast,Healthy,Wok Express,3,111.79,11.93,133.6,23,E-Wallet,8.3
FD-00288,2025-10-02 17:23:00,Riyadh,Member,Snack,Italian,Daily Dish,3,96.64,8.93,111.73,44,Cash,7.3
FD-00289,2025-11-19 16:20:00,Khobar,Normal,Snack,Saudi,Daily Dish,6,177.02,9.87,183.07,38,E-Wallet,9.0
FD-00290,2025-04-05 14:09:00,Jeddah,Member,Lunch,Healthy,Burger Hub,8,295.77,8.44,307.45,32,E-Wallet,8.3
FD-00291,2025-06-05 16:47:00,Jeddah,Member,Snack,Asian,Rice & Spice,7,221.42,5.62,227.36,31,E-Wallet,9.0
FD-00292,2025-03-31 17:13:00,Riyadh,Member,Snack,Asian,Family Grill,4,90.26,13.27,105.56,23,E-Wallet,9.2
FD-00293,2025-07-29 20:34:00,Dammam,Normal,Dinner,Healthy,Najd Kitchen,6,161.79,7.34,169.82,38,E-Wallet,9.0
FD-00294,2025-02-15 16:02:00,Makkah,Member,Snack,Asian,Urban Bites,6,159.8,12.58,174.6,26,Credit Card,10.0
FD-00295,2025-01-11 12:55:00,Makkah,Member,Lunch,Healthy,Daily Dish,2,29.88,9.63,24.27,38,E-Wallet,8.3
FD-00296,2025-11-03 16:14:00,Dammam,Member,Snack,Italian,Burger Hub,6,173.65,9.71,187.87,35,Credit Card,8.0
FD-00297,2025-07-16 22:50:00,Riyadh,Normal,Dinner,American,Urban Bites,4,173.0,5.48,176.16,46,E-Wallet,8.0
FD-00298,2025-11-20 22:35:00,Dammam,Normal,Dinner,American,Green Bowl,8,227.56,5.34,233.33,24,E-Wallet,8.6
FD-00299,2025-06-29 10:43:00,Riyadh,Member,Breakfast,Saudi,Burger Hub,1,20.23,11.78,35.03,20,E-Wallet,8.7
FD-00300,2025-01-23 18:15:00,Riyadh,Member,Dinner,Healthy,Burger Hub,8,201.79,8.21,209.98,34,Cash,8.6
FD-00301,2025-12-18 22:00:00,Khobar,Member,Dinner,Healthy,Taste of Jeddah,3,142.33,7.98,151.88,30,E-Wallet,9.3
FD-00302,2025-06-03 07:13:00,Makkah,Normal,Breakfast,Healthy,Najd Kitchen,5,79.8,9.93,92.77,44,E-Wallet,8.5
FD-00303,2025-03-27 17:56:00,Makkah,Member,Snack,Asian,Family Grill,8,127.3,6.59,131.6,21,Credit Card,8.5
FD-00304,2025-01-25 17:04:00,Riyadh,Normal,Snack,Healthy,Najd Kitchen,4,59.38,5.89,62.47,48,E-Wallet,8.4
FD-00305,2025-04-03 20:21:00,Makkah,Member,Dinner,Healthy,Taste of Jeddah,7,291.31,9.52,299.02,34,Credit Card,8.2
FD-00306,2025-10-18 13:04:00,Dammam,Member,Lunch,Asian,Urban Bites,8,354.63,14.76,367.32,40,Cash,8.4
FD-00307,2025-02-28 22:42:00,Makkah,Member,Dinner,Asian,Rice & Spice,2,42.71,14.81,58.59,37,Credit Card,9.6
FD-00308,2025-08-02 15:23:00,Riyadh,Member,Lunch,Saudi,Taste of Jeddah,8,282.01,13.33,298.61,39,E-Wallet,8.1
FD-00309,2025-05-14 20:42:00,Riyadh,Member,Dinner,Italian,Green Bowl,4,151.0,5.32,162.15,32,Cash,9.1
FD-00310,2025-01-25 15:47:00,Dammam,Member,Lunch,American,Najd Kitchen,6,191.59,13.73,203.7,25,Cash,7.8
FD-00311,2025-09-17 18:13:00,Dammam,Member,Snack,American,Wok Express,3,94.98,11.55,106.83,38,E-Wallet,8.3
FD-00312,2025-01-25 22:06:00,Riyadh,Normal,Dinner,American,Rice & Spice,8,235.38,6.99,241.87,35,Cash,8.6
FD-00313,2025-04-02 20:22:00,Khobar,Member,Dinner,Italian,Pasta House,6,132.96,8.31,139.0,28,Credit Card,9.2
FD-00314,2025-11-22 15:04:00,Khobar,Normal,Lunch,Healthy,Taste of Jeddah,5,82.06,9.36,87.41,43,Credit Card,7.0
FD-00315,2025-09-06 12:56:00,Riyadh,Normal,Lunch,Italian,Najd Kitchen,2,53.26,5.75,50.61,56,E-Wallet,6.8
FD-00316,2025-02-24 22:24:00,Jeddah,Member,Dinner,Italian,Taste of Jeddah,6,241.64,6.06,249.43,43,Cash,7.1
FD-00317,2025-12-11 14:16:00,Riyadh,Member,Lunch,Healthy,Taste of Jeddah,1,22.29,11.73,31.38,20,E-Wallet,9.6
FD-00318,2025-10-27 16:10:00,Riyadh,Normal,Snack,American,Urban Bites,2,55.37,10.68,67.76,45,Cash,7.9
FD-00319,2025-06-20 13:07:00,Riyadh,Normal,Lunch,Italian,Family Grill,8,335.68,12.51,350.99,39,Credit Card,7.9
FD-00320,2025-06-19 13:48:00,Jeddah,Normal,Lunch,American,Burger Hub,6,108.13,8.2,116.38,43,Cash,8.0
FD-00321,2025-12-22 08:20:00,Makkah,Normal,Breakfast,American,Najd Kitchen,7,276.9,10.11,285.19,20,E-Wallet,8.4
FD-00322,2025-10-05 09:44:00,Riyadh,Member,Breakfast,Healthy,Green Bowl,2,26.45,7.52,40.41,48,E-Wallet,8.7
FD-00323,2025-01-21 22:06:00,Makkah,Member,Dinner,Italian,Daily Dish,8,325.36,5.03,337.96,30,E-Wallet,8.9
FD-00324,2025-11-26 16:33:00,Riyadh,Member,Snack,Asian,Rice & Spice,4,79.41,12.0,92.99,30,Credit Card,8.9
FD-00325,2025-01-02 14:50:00,Riyadh,Normal,Lunch,Asian,Pasta House,8,389.76,5.02,394.43,43,E-Wallet,7.7
FD-00326,2025-12-09 19:16:00,Khobar,Normal,Dinner,Saudi,Najd Kitchen,3,116.42,7.2,129.0,35,Credit Card,8.4
FD-00327,2025-07-07 18:12:00,Riyadh,Normal,Dinner,Healthy,Daily Dish,3,156.94,7.95,155.72,51,Credit Card,7.0
FD-00328,2025-07-27 19:43:00,Riyadh,Member,Dinner,Italian,Najd Kitchen,2,81.14,9.24,91.87,45,E-Wallet,7.9
FD-00329,2025-09-21 13:39:00,Makkah,Member,Lunch,Healthy,Family Grill,1,15.47,8.77,18.85,18,Cash,9.5
FD-00330,2025-04-27 07:30:00,Riyadh,Normal,Breakfast,Italian,Najd Kitchen,7,245.87,13.53,252.68,41,Credit Card,8.8
FD-00331,2025-11-12 15:11:00,Jeddah,Member,Lunch,Saudi,Taste of Jeddah,6,272.64,8.32,290.35,15,Cash,9.5
FD-00332,2025-01-03 17:29:00,Jeddah,Member,Snack,Italian,Wok Express,1,31.63,8.38,42.05,18,E-Wallet,9.9
FD-00333,2025-08-31 22:47:00,Khobar,Member,Dinner,American,Family Grill,2,68.4,14.16,84.12,34,E-Wallet,9.0
FD-00334,2025-02-23 19:54:00,Jeddah,Normal,Dinner,Asian,Pasta House,6,290.91,12.22,305.9,43,E-Wallet,8.0
FD-00335,2025-12-10 18:55:00,Khobar,Normal,Dinner,Healthy,Taste of Jeddah,2,54.8,5.86,59.78,37,Credit Card,10.0
FD-00336,2025-06-27 14:24:00,Jeddah,Normal,Lunch,Saudi,Daily Dish,1,32.1,12.44,43.38,41,E-Wallet,8.9
FD-00337,2025-02-05 16:35:00,Dammam,Normal,Snack,American,Pasta House,4,133.38,7.85,142.52,26,Cash,9.9
FD-00338,2025-10-11 09:02:00,Khobar,Normal,Breakfast,Italian,Rice & Spice,4,94.52,5.26,102.51,39,E-Wallet,9.7
FD-00339,2025-11-10 13:55:00,Riyadh,Normal,Lunch,Healthy,Taste of Jeddah,6,235.75,7.37,245.58,38,E-Wallet,8.2
FD-00340,2025-11-20 22:23:00,Riyadh,Member,Dinner,American,Green Bowl,4,100.0,14.95,116.83,42,E-Wallet,8.4
FD-00341,2025-05-21 09:14:00,Dammam,Member,Breakfast,Asian,Najd Kitchen,5,111.64,11.9,125.77,45,E-Wallet,9.3
FD-00342,2025-03-21 10:36:00,Jeddah,Normal,Breakfast,Saudi,Urban Bites,7,148.18,14.46,160.12,44,Cash,9.3
FD-00343,2025-12-18 08:33:00,Riyadh,Normal,Breakfast,Healthy,Green Bowl,2,57.43,12.29,69.47,33,E-Wallet,8.8
FD-00344,2025-02-07 15:44:00,Riyadh,Member,Lunch,Italian,Pasta House,5,211.64,5.45,224.25,34,Cash,7.9
FD-00345,2025-12-27 13:45:00,Riyadh,Member,Lunch,Italian,Burger Hub,4,195.82,11.42,207.09,35,E-Wallet,9.3
FD-00346,2025-07-22 14:44:00,Jeddah,Member,Lunch,Italian,Taste of Jeddah,2,83.91,11.98,97.66,27,Credit Card,8.5
FD-00347,2025-02-01 08:52:00,Khobar,Member,Breakfast,Asian,Rice & Spice,8,214.91,5.73,224.23,70,E-Wallet,6.8
FD-00348,2025-11-14 14:18:00,Khobar,Normal,Lunch,Italian,Pasta House,3,55.85,7.38,62.56,29,E-Wallet,8.4
FD-00349,2025-05-01 22:42:00,Jeddah,Member,Dinner,Saudi,Taste of Jeddah,6,201.8,5.76,205.68,48,Credit Card,7.6
FD-00350,2025-06-20 21:48:00,Makkah,Normal,Dinner,Saudi,Rice & Spice,5,196.03,7.94,202.7,21,E-Wallet,9.5
FD-00351,2025-11-23 13:54:00,Dammam,Member,Lunch,Asian,Pasta House,7,309.25,5.94,321.86,15,E-Wallet,9.3
FD-00352,2025-05-20 13:25:00,Dammam,Member,Lunch,American,Pasta House,8,201.1,14.21,217.95,41,E-Wallet,7.7
FD-00353,2025-02-03 15:48:00,Dammam,Member,Lunch,Saudi,Daily Dish,4,63.29,4.25,63.34,34,E-Wallet,8.9
FD-00354,2025-05-25 13:30:00,Riyadh,Normal,Lunch,Asian,Green Bowl,6,206.23,7.26,217.02,43,Credit Card,8.5
FD-00355,2025-02-28 21:37:00,Khobar,Member,Dinner,American,Family Grill,6,147.43,10.11,153.98,29,Credit Card,10.0
FD-00356,2025-07-20 21:56:00,Jeddah,Normal,Dinner,American,Green Bowl,2,73.25,12.96,78.19,49,Cash,6.8
FD-00357,2025-02-01 09:38:00,Makkah,Normal,Breakfast,Saudi,Green Bowl,3,75.03,12.81,98.35,41,E-Wallet,7.8
FD-00358,2025-12-15 14:54:00,Jeddah,Member,Lunch,Saudi,Wok Express,7,148.02,9.62,156.22,45,Cash,7.9
FD-00359,2025-06-27 09:06:00,Jeddah,Member,Breakfast,American,Najd Kitchen,3,114.72,10.12,118.74,23,E-Wallet,10.0
FD-00360,2025-09-19 15:55:00,Riyadh,Normal,Lunch,Healthy,Najd Kitchen,7,216.62,10.28,229.4,48,Credit Card,8.1
FD-00361,2025-12-25 14:41:00,Jeddah,Member,Lunch,Italian,Family Grill,6,233.1,9.92,240.08,17,Credit Card,9.2
FD-00362,2025-04-01 15:44:00,Jeddah,Member,Lunch,Saudi,Green Bowl,3,57.4,4.5,60.08,36,Credit Card,9.2
FD-00363,2025-02-13 14:43:00,Jeddah,Member,Lunch,Healthy,Najd Kitchen,7,139.0,6.53,142.07,35,E-Wallet,9.3
FD-00364,2025-02-14 21:36:00,Jeddah,Normal,Dinner,Saudi,Burger Hub,8,369.75,7.3,379.1,29,E-Wallet,8.9
FD-00365,2025-01-30 16:21:00,Riyadh,Member,Snack,Italian,Burger Hub,3,112.0,12.01,132.03,34,E-Wallet,8.9
FD-00366,2025-05-02 22:26:00,Dammam,Member,Dinner,Asian,Rice & Spice,6,200.96,10.86,207.91,55,E-Wallet,7.4
FD-00367,2025-08-30 21:35:00,Makkah,Member,Dinner,Italian,Najd Kitchen,1,22.88,7.15,28.29,50,Cash,7.8
FD-00368,2025-02-27 22:51:00,Dammam,Member,Dinner,Italian,Daily Dish,2,104.71,7.79,116.75,36,E-Wallet,8.9
FD-00369,2025-10-06 10:19:00,Riyadh,Member,Breakfast,Saudi,Pasta House,1,37.74,11.07,39.05,41,Credit Card,9.6
FD-00370,2025-06-14 14:49:00,Riyadh,Normal,Lunch,Saudi,Daily Dish,3,144.12,10.26,153.27,20,Credit Card,8.6
FD-00371,2025-09-29 21:08:00,Riyadh,Normal,Dinner,Saudi,Burger Hub,6,137.91,14.76,150.44,32,Credit Card,8.1
FD-00372,2025-09-19 20:22:00,Makkah,Member,Dinner,American,Taste of Jeddah,2,66.37,7.82,80.59,26,E-Wallet,9.4
FD-00373,2025-12-10 16:24:00,Dammam,Normal,Snack,Saudi,Burger Hub,1,15.19,14.85,35.4,23,Credit Card,9.3
FD-00374,2025-06-10 07:17:00,Jeddah,Normal,Breakfast,Healthy,Daily Dish,8,309.33,9.68,318.75,31,E-Wallet,8.2
FD-00375,2025-02-23 09:41:00,Dammam,Normal,Breakfast,American,Najd Kitchen,2,77.98,13.2,97.25,36,E-Wallet,8.1
FD-00376,2025-06-13 15:07:00,Jeddah,Member,Lunch,Healthy,Pasta House,6,132.87,6.41,143.4,33,E-Wallet,8.6
FD-00377,2025-11-21 12:31:00,Riyadh,Member,Lunch,American,Urban Bites,6,168.11,9.8,174.58,33,E-Wallet,9.4
FD-00378,2025-03-17 08:52:00,Riyadh,Normal,Breakfast,American,Burger Hub,1,31.62,8.38,37.18,38,E-Wallet,6.8
FD-00379,2025-01-26 21:15:00,Riyadh,Normal,Dinner,American,Family Grill,3,85.43,4.42,80.4,40,E-Wallet,8.2
FD-00380,2025-04-01 20:20:00,Jeddah,Normal,Dinner,Asian,Daily Dish,5,267.67,11.91,285.56,41,Cash,7.4
FD-00381,2025-03-29 20:12:00,Riyadh,Member,Dinner,Saudi,Rice & Spice,2,34.31,7.04,40.51,33,Credit Card,8.8
FD-00382,2025-03-18 20:07:00,Khobar,Member,Dinner,American,Pasta House,3,109.79,10.17,121.1,35,E-Wallet,9.2
FD-00383,2025-08-22 10:49:00,Makkah,Normal,Breakfast,Italian,Family Grill,1,30.85,9.96,35.74,36,E-Wallet,8.8
FD-00384,2025-06-03 16:30:00,Riyadh,Normal,Snack,Asian,Najd Kitchen,4,117.88,12.69,129.46,36,Cash,8.5
FD-00385,2025-08-08 20:43:00,Jeddah,Normal,Dinner,Asian,Taste of Jeddah,5,107.11,14.45,117.41,20,E-Wallet,9.2
FD-00386,2025-12-12 07:04:00,Jeddah,Normal,Breakfast,Saudi,Pasta House,8,305.08,8.53,308.99,23,E-Wallet,9.1
FD-00387,2025-06-10 16:13:00,Makkah,Normal,Snack,Asian,Green Bowl,4,82.65,5.45,86.16,29,E-Wallet,9.2
FD-00388,2025-07-13 09:09:00,Riyadh,Member,Breakfast,Italian,Urban Bites,6,185.71,5.88,192.46,31,Credit Card,10.0
FD-00389,2025-08-18 12:03:00,Khobar,Member,Lunch,Healthy,Pasta House,8,265.43,8.46,275.08,40,E-Wallet,7.9
FD-00390,2025-03-03 17:47:00,Jeddah,Member,Snack,Asian,Rice & Spice,3,80.17,13.76,99.09,33,E-Wallet,7.4
FD-00391,2025-11-13 22:13:00,Khobar,Member,Dinner,Italian,Urban Bites,1,41.51,10.75,55.34,44,E-Wallet,7.0
FD-00392,2025-12-24 18:01:00,Riyadh,Normal,Dinner,Italian,Pasta House,3,118.53,13.75,129.82,24,E-Wallet,9.4
FD-00393,2025-07-05 12:24:00,Dammam,Member,Lunch,American,Family Grill,8,197.98,13.22,212.63,41,Credit Card,7.7
FD-00394,2025-07-04 22:38:00,Dammam,Member,Dinner,American,Family Grill,8,463.62,7.42,469.01,37,Credit Card,8.4
FD-00395,2025-05-03 18:19:00,Makkah,Normal,Dinner,Healthy,Family Grill,3,71.78,12.99,85.64,47,Credit Card,8.7
FD-00396,2025-08-02 21:32:00,Khobar,Member,Dinner,Saudi,Pasta House,6,105.03,4.15,108.33,39,Credit Card,7.8
FD-00397,2025-03-12 22:36:00,Riyadh,Normal,Dinner,American,Pasta House,7,277.76,12.12,283.76,57,E-Wallet,6.6
FD-00398,2025-02-24 19:59:00,Makkah,Normal,Dinner,American,Daily Dish,7,290.94,12.51,301.35,30,Credit Card,10.0
FD-00399,2025-03-05 18:02:00,Riyadh,Normal,Dinner,Italian,Rice & Spice,4,164.33,14.5,177.99,39,E-Wallet,7.7
FD-00400,2025-02-19 12:19:00,Makkah,Normal,Lunch,Saudi,Najd Kitchen,5,174.88,5.97,177.65,31,E-Wallet,8.6
FD-00401,2025-12-05 07:53:00,Riyadh,Member,Breakfast,Asian,Green Bowl,4,157.15,14.26,168.29,31,E-Wallet,9.1
FD-00402,2025-02-04 21:25:00,Jeddah,Normal,Dinner,Asian,Urban Bites,4,158.54,8.66,167.92,26,Cash,8.3
FD-00403,2025-04-12 12:21:00,Makkah,Member,Lunch,American,Najd Kitchen,6,314.75,7.77,320.98,32,Credit Card,8.5
FD-00404,2025-08-01 13:29:00,Khobar,Normal,Lunch,Saudi,Najd Kitchen,1,41.08,8.46,48.23,31,E-Wallet,8.5
FD-00405,2025-06-27 18:44:00,Riyadh,Normal,Dinner,Healthy,Taste of Jeddah,6,196.31,11.63,201.96,20,E-Wallet,8.6
FD-00406,2025-11-17 22:15:00,Jeddah,Member,Dinner,Italian,Urban Bites,1,51.87,6.94,57.0,55,Cash,7.1
FD-00407,2025-04-06 20:41:00,Jeddah,Member,Dinner,Saudi,Daily Dish,3,139.92,6.63,142.32,37,E-Wallet,8.0
FD-00408,2025-10-04 18:18:00,Jeddah,Normal,Dinner,Asian,Pasta House,6,336.45,9.94,343.1,42,Credit Card,7.7
FD-00409,2025-04-19 09:58:00,Jeddah,Member,Breakfast,Italian,Urban Bites,2,65.41,11.45,79.57,46,Cash,8.7
FD-00410,2025-02-22 19:39:00,Riyadh,Member,Dinner,Saudi,Najd Kitchen,7,184.35,7.19,185.27,27,E-Wallet,9.9
FD-00411,2025-07-31 08:45:00,Khobar,Normal,Breakfast,Asian,Burger Hub,7,303.18,3.91,302.53,15,Credit Card,10.0
FD-00412,2025-03-30 20:03:00,Makkah,Normal,Dinner,Saudi,Urban Bites,6,120.5,5.81,120.87,40,Cash,8.3
FD-00413,2025-12-22 10:16:00,Jeddah,Normal,Breakfast,Saudi,Taste of Jeddah,8,279.82,12.67,283.56,25,E-Wallet,8.0
FD-00414,2025-12-27 20:08:00,Dammam,Normal,Dinner,Italian,Burger Hub,7,199.34,6.86,200.89,26,E-Wallet,8.4
FD-00415,2025-11-06 18:20:00,Riyadh,Normal,Dinner,Asian,Daily Dish,1,38.45,13.93,55.57,26,Cash,9.9
FD-00416,2025-02-12 17:20:00,Khobar,Member,Snack,Asian,Pasta House,2,33.96,5.83,42.46,32,Cash,8.6
FD-00417,2025-07-30 13:10:00,Dammam,Member,Lunch,Saudi,Burger Hub,4,167.66,10.79,182.45,40,E-Wallet,8.1
FD-00418,2025-04-22 09:22:00,Makkah,Normal,Breakfast,Italian,Pasta House,6,121.97,7.31,127.34,26,Cash,8.2
FD-00419,2025-10-07 17:10:00,Riyadh,Member,Snack,Asian,Family Grill,7,105.0,4.49,106.89,26,Credit Card,10.0
FD-00420,2025-12-22 19:19:00,Makkah,Member,Dinner,Saudi,Rice & Spice,6,308.68,11.79,316.43,43,Cash,7.8
FD-00421,2025-11-04 21:59:00,Dammam,Member,Dinner,Italian,Rice & Spice,5,263.09,5.86,278.45,41,Credit Card,9.3
FD-00422,2025-10-19 18:24:00,Dammam,Member,Dinner,Healthy,Rice & Spice,1,47.04,6.19,48.23,30,Credit Card,9.6
FD-00423,2025-07-20 10:00:00,Riyadh,Member,Breakfast,American,Rice & Spice,8,173.21,13.73,188.61,38,Credit Card,8.4
FD-00424,2025-09-27 12:05:00,Riyadh,Member,Lunch,Asian,Family Grill,5,250.4,11.42,256.32,43,Cash,8.3
FD-00425,2025-07-02 17:44:00,Khobar,Member,Snack,Saudi,Najd Kitchen,2,59.29,13.91,68.63,36,Credit Card,7.5
FD-00426,2025-08-29 20:38:00,Riyadh,Normal,Dinner,Asian,Daily Dish,3,62.47,12.52,77.43,53,Credit Card,8.8
FD-00427,2025-10-11 13:14:00,Jeddah,Member,Lunch,Italian,Urban Bites,5,232.73,5.79,233.28,39,E-Wallet,8.7
FD-00428,2025-09-07 15:53:00,Makkah,Member,Lunch,American,Burger Hub,6,158.68,11.01,160.53,19,E-Wallet,8.9
FD-00429,2025-02-19 14:47:00,Makkah,Member,Lunch,Asian,Green Bowl,3,82.45,13.2,87.29,38,Cash,7.4
FD-00430,2025-07-20 07:32:00,Dammam,Normal,Breakfast,American,Burger Hub,2,57.89,6.73,60.76,27,Cash,9.1
FD-00431,2025-01-29 13:00:00,Dammam,Member,Lunch,Saudi,Urban Bites,4,113.31,12.79,121.6,32,Cash,8.4
FD-00432,2025-02-15 17:36:00,Khobar,Member,Snack,Saudi,Family Grill,7,234.27,10.81,242.14,33,E-Wallet,8.5
FD-00433,2025-05-20 18:59:00,Makkah,Member,Dinner,Asian,Burger Hub,3,145.73,12.62,157.75,38,Credit Card,9.6
FD-00434,2025-01-14 12:29:00,Makkah,Member,Lunch,Italian,Taste of Jeddah,1,41.12,11.19,58.13,33,E-Wallet,7.8
FD-00435,2025-05-18 15:54:00,Jeddah,Member,Lunch,Saudi,Urban Bites,6,160.13,8.5,158.78,34,E-Wallet,8.1
FD-00436,2025-09-24 17:57:00,Jeddah,Normal,Snack,American,Burger Hub,7,190.27,14.6,214.05,24,Credit Card,9.3
FD-00437,2025-03-03 17:34:00,Jeddah,Normal,Snack,Healthy,Wok Express,3,53.05,12.21,56.74,30,Cash,8.5
FD-00438,2025-04-28 19:20:00,Riyadh,Member,Dinner,Saudi,Green Bowl,5,128.56,8.47,138.03,32,E-Wallet,8.5
FD-00439,2025-11-28 07:09:00,Makkah,Normal,Breakfast,Italian,Family Grill,4,108.41,6.29,113.05,36,Credit Card,7.9
FD-00440,2025-03-21 09:25:00,Riyadh,Member,Breakfast,Italian,Najd Kitchen,3,118.79,11.42,125.81,54,Credit Card,7.5
FD-00441,2025-02-06 08:43:00,Jeddah,Member,Breakfast,Saudi,Pasta House,7,215.78,5.98,217.8,43,E-Wallet,7.8
FD-00442,2025-05-24 12:14:00,Jeddah,Member,Lunch,Asian,Wok Express,1,39.93,6.05,36.03,48,Credit Card,7.3
FD-00443,2025-07-28 13:58:00,Makkah,Member,Lunch,Italian,Urban Bites,1,22.64,9.56,26.41,26,E-Wallet,8.9
FD-00444,2025-03-28 17:51:00,Jeddah,Member,Snack,Italian,Wok Express,6,202.85,10.81,217.77,26,Credit Card,10.0
FD-00445,2025-05-29 21:29:00,Jeddah,Normal,Dinner,Healthy,Taste of Jeddah,1,30.61,4.2,25.2,41,Credit Card,7.2
FD-00446,2025-02-07 20:01:00,Khobar,Member,Dinner,Italian,Burger Hub,2,74.12,10.02,79.39,39,E-Wallet,7.5
FD-00447,2025-03-25 18:29:00,Riyadh,Normal,Dinner,American,Family Grill,5,194.41,14.78,211.42,45,E-Wallet,7.4
FD-00448,2025-10-29 14:11:00,Riyadh,Normal,Lunch,Italian,Rice & Spice,3,117.66,12.43,136.69,40,Credit Card,8.1
FD-00449,2025-11-07 12:48:00,Jeddah,Normal,Lunch,Saudi,Taste of Jeddah,4,91.3,10.66,95.29,24,Cash,9.9
FD-00450,2025-12-15 22:31:00,Khobar,Member,Dinner,Healthy,Family Grill,6,171.55,11.24,181.93,25,Credit Card,10.0
FD-00451,2025-09-14 12:03:00,Riyadh,Member,Lunch,American,Rice & Spice,8,158.29,5.86,169.72,43,Credit Card,6.8
FD-00452,2025-03-24 21:54:00,Makkah,Member,Dinner,Healthy,Burger Hub,5,116.28,10.19,124.21,52,E-Wallet,6.7
FD-00453,2025-07-09 13:20:00,Makkah,Normal,Lunch,Asian,Burger Hub,3,60.41,7.83,77.95,28,Credit Card,9.3
FD-00454,2025-01-21 16:48:00,Khobar,Member,Snack,American,Najd Kitchen,4,148.11,11.3,163.04,25,E-Wallet,9.7
FD-00455,2025-12-26 19:15:00,Makkah,Normal,Dinner,Saudi,Urban Bites,7,165.81,10.99,172.94,44,Cash,8.3
FD-00456,2025-10-22 13:41:00,Makkah,Member,Lunch,Saudi,Pasta House,5,206.27,11.99,225.0,42,E-Wallet,8.7
FD-00457,2025-09-12 19:09:00,Makkah,Member,Dinner,Healthy,Wok Express,6,236.08,15.23,249.89,30,E-Wallet,9.1
FD-00458,2025-04-15 22:49:00,Dammam,Normal,Dinner,Asian,Najd Kitchen,7,383.66,10.45,400.47,36,E-Wallet,8.9
FD-00459,2025-10-28 22:31:00,Jeddah,Normal,Dinner,Italian,Family Grill,4,208.75,11.53,218.92,32,E-Wallet,8.9
FD-00460,2025-07-18 15:50:00,Riyadh,Member,Lunch,Italian,Green Bowl,7,226.24,7.83,228.87,37,E-Wallet,9.0
FD-00461,2025-04-22 09:01:00,Riyadh,Normal,Breakfast,Italian,Najd Kitchen,1,15.84,5.74,10.93,21,Cash,9.9
FD-00462,2025-03-24 19:18:00,Dammam,Member,Dinner,Asian,Rice & Spice,5,92.15,7.01,97.83,38,Cash,9.2
FD-00463,2025-05-24 22:07:00,Riyadh,Member,Dinner,Asian,Urban Bites,5,158.67,7.98,173.76,42,Cash,8.5
FD-00464,2025-03-01 21:08:00,Makkah,Member,Dinner,Saudi,Wok Express,8,271.98,11.85,288.78,43,Cash,8.5
FD-00465,2025-10-19 19:53:00,Khobar,Normal,Dinner,Asian,Burger Hub,7,184.51,3.61,201.31,28,E-Wallet,9.5
FD-00466,2025-01-16 09:51:00,Riyadh,Member,Breakfast,Italian,Daily Dish,1,14.28,10.0,21.63,30,Cash,9.1
FD-00467,2025-10-06 09:04:00,Jeddah,Normal,Breakfast,Asian,Green Bowl,5,179.09,5.64,189.1,45,Credit Card,8.0
FD-00468,2025-08-01 12:20:00,Riyadh,Member,Lunch,American,Daily Dish,7,242.73,9.45,247.06,34,Credit Card,7.9
FD-00469,2025-07-15 07:12:00,Jeddah,Member,Breakfast,Asian,Pasta House,7,132.88,5.07,139.14,27,Credit Card,8.2
FD-00470,2025-07-16 09:31:00,Jeddah,Member,Breakfast,Italian,Green Bowl,8,140.1,7.61,151.77,35,Credit Card,9.1
FD-00471,2025-06-05 09:55:00,Makkah,Normal,Breakfast,Italian,Daily Dish,8,345.89,5.63,354.36,33,E-Wallet,9.2
FD-00472,2025-07-28 19:20:00,Riyadh,Normal,Dinner,American,Green Bowl,2,82.96,13.56,101.3,55,Credit Card,8.9
FD-00473,2025-10-23 19:57:00,Riyadh,Normal,Dinner,American,Rice & Spice,5,115.43,7.29,117.55,30,Credit Card,8.3
FD-00474,2025-11-29 19:10:00,Riyadh,Normal,Dinner,Asian,Pasta House,3,76.75,8.03,88.51,38,E-Wallet,7.9
FD-00475,2025-04-10 09:09:00,Dammam,Member,Breakfast,American,Taste of Jeddah,1,15.53,9.52,17.8,38,Cash,7.4
FD-00476,2025-10-31 15:10:00,Riyadh,Member,Lunch,American,Burger Hub,7,370.08,8.77,380.88,28,Cash,9.0
FD-00477,2025-06-08 18:50:00,Jeddah,Member,Dinner,Healthy,Daily Dish,8,325.58,5.01,325.06,40,E-Wallet,8.2
FD-00478,2025-08-02 13:53:00,Makkah,Normal,Lunch,American,Burger Hub,7,301.65,8.13,308.61,25,Credit Card,9.0
FD-00479,2025-11-03 09:20:00,Jeddah,Normal,Breakfast,Italian,Taste of Jeddah,3,137.23,4.79,147.72,35,E-Wallet,8.7
FD-00480,2025-07-03 09:44:00,Makkah,Member,Breakfast,Healthy,Family Grill,8,139.37,14.01,152.29,53,Cash,7.9
FD-00481,2025-03-25 19:11:00,Jeddah,Member,Dinner,Healthy,Wok Express,6,223.03,4.59,229.9,40,Cash,9.1
FD-00482,2025-12-16 13:34:00,Dammam,Member,Lunch,Healthy,Rice & Spice,7,306.13,4.83,315.89,34,E-Wallet,8.1
FD-00483,2025-02-17 10:05:00,Jeddah,Normal,Breakfast,Asian,Najd Kitchen,6,97.93,8.4,108.15,38,E-Wallet,9.6
FD-00484,2025-07-14 16:05:00,Riyadh,Normal,Snack,Healthy,Najd Kitchen,7,120.82,11.93,137.89,52,E-Wallet,7.5
FD-00485,2025-12-18 18:36:00,Khobar,Member,Dinner,Asian,Pasta House,2,44.56,6.45,41.67,22,E-Wallet,7.3
FD-00486,2025-08-10 10:45:00,Dammam,Normal,Breakfast,Saudi,Burger Hub,6,257.12,7.24,268.43,32,Credit Card,9.6
FD-00487,2025-06-25 12:48:00,Makkah,Member,Lunch,Saudi,Burger Hub,8,219.45,14.16,233.08,45,E-Wallet,7.1
FD-00488,2025-06-13 12:13:00,Dammam,Member,Lunch,Asian,Taste of Jeddah,7,109.43,13.76,120.27,39,Credit Card,7.8
FD-00489,2025-03-20 15:23:00,Makkah,Member,Lunch,Asian,Daily Dish,1,22.44,6.1,16.15,53,Credit Card,8.5
FD-00490,2025-04-01 21:18:00,Makkah,Member,Dinner,Asian,Urban Bites,6,124.7,11.41,134.26,37,Credit Card,8.2
FD-00491,2025-11-21 16:03:00,Jeddah,Normal,Snack,Saudi,Taste of Jeddah,2,65.14,6.91,78.07,38,Credit Card,8.8
FD-00492,2025-05-12 17:34:00,Riyadh,Normal,Snack,Italian,Taste of Jeddah,6,191.42,14.85,206.2,37,Credit Card,8.4
FD-00493,2025-05-16 18:02:00,Riyadh,Normal,Snack,Healthy,Najd Kitchen,4,46.09,4.54,49.83,29,Credit Card,9.1
FD-00494,2025-12-13 09:46:00,Riyadh,Member,Breakfast,American,Green Bowl,8,162.62,4.16,167.86,35,Credit Card,8.5
FD-00495,2025-10-12 19:45:00,Jeddah,Normal,Dinner,Asian,Rice & Spice,5,211.38,13.69,220.14,37,E-Wallet,7.7
FD-00496,2025-09-07 21:33:00,Riyadh,Normal,Dinner,Saudi,Wok Express,8,236.45,5.14,241.05,27,Cash,8.4
FD-00497,2025-02-28 21:26:00,Jeddah,Normal,Dinner,American,Green Bowl,7,136.38,11.92,149.03,37,Credit Card,8.7
FD-00498,2025-01-09 16:48:00,Riyadh,Normal,Snack,Healthy,Wok Express,4,120.03,14.29,137.74,18,Cash,9.6
FD-00499,2025-11-02 15:55:00,Riyadh,Member,Lunch,American,Family Grill,8,133.18,4.26,136.16,29,E-Wallet,8.8
FD-00500,2025-06-27 18:02:00,Riyadh,Member,Snack,American,Green Bowl,2,25.44,6.15,38.04,31,Credit Card,9.9
FD-00501,2025-08-02 22:11:00,Jeddah,Normal,Dinner,American,Daily Dish,7,271.34,11.23,283.25,24,Credit Card,10.0
FD-00502,2025-02-26 18:37:00,Jeddah,Member,Dinner,Asian,Burger Hub,3,103.18,4.21,111.43,40,E-Wallet,9.1
FD-00503,2025-02-25 19:47:00,Makkah,Member,Dinner,Italian,Najd Kitchen,7,247.28,10.61,261.22,38,Cash,9.2
FD-00504,2025-10-24 20:43:00,Dammam,Member,Dinner,Italian,Burger Hub,3,142.6,8.54,159.11,40,Credit Card,8.4
FD-00505,2025-09-12 22:18:00,Jeddah,Normal,Dinner,Italian,Burger Hub,8,251.92,6.28,257.0,20,Cash,9.5
FD-00506,2025-02-20 18:51:00,Riyadh,Member,Dinner,Italian,Burger Hub,8,269.3,6.17,277.56,42,Credit Card,8.7
FD-00507,2025-12-06 21:06:00,Riyadh,Member,Dinner,Asian,Rice & Spice,1,39.94,14.67,61.67,48,Credit Card,8.5
FD-00508,2025-11-07 16:41:00,Riyadh,Normal,Snack,Healthy,Green Bowl,8,116.27,9.44,128.43,52,E-Wallet,7.4
FD-00509,2025-11-03 16:42:00,Jeddah,Member,Snack,Italian,Urban Bites,8,273.2,4.76,278.09,38,E-Wallet,9.1
FD-00510,2025-05-11 22:16:00,Jeddah,Member,Dinner,Healthy,Urban Bites,6,258.91,11.66,268.08,21,E-Wallet,9.7
FD-00511,2025-10-17 14:40:00,Jeddah,Member,Lunch,Saudi,Green Bowl,1,48.25,12.91,55.93,34,E-Wallet,8.9
FD-00512,2025-12-03 19:10:00,Khobar,Normal,Dinner,Asian,Taste of Jeddah,2,54.34,7.39,61.49,50,E-Wallet,7.6
FD-00513,2025-06-04 18:50:00,Dammam,Normal,Dinner,Italian,Daily Dish,3,125.9,7.57,132.03,44,E-Wallet,8.8
FD-00514,2025-11-16 14:47:00,Jeddah,Member,Lunch,Saudi,Urban Bites,5,187.92,10.26,193.53,32,E-Wallet,8.7
FD-00515,2025-06-15 13:25:00,Dammam,Member,Lunch,Healthy,Taste of Jeddah,2,45.84,5.45,55.11,50,E-Wallet,7.5
FD-00516,2025-10-08 12:06:00,Makkah,Normal,Lunch,Italian,Urban Bites,7,136.27,7.2,142.75,15,Credit Card,9.1
FD-00517,2025-02-17 15:48:00,Riyadh,Normal,Lunch,Healthy,Burger Hub,3,76.0,14.62,88.43,43,E-Wallet,7.8
FD-00518,2025-12-24 20:09:00,Riyadh,Normal,Dinner,Saudi,Daily Dish,8,359.71,12.82,375.47,40,E-Wallet,7.7
FD-00519,2025-02-27 16:47:00,Khobar,Member,Snack,American,Burger Hub,3,95.2,11.05,106.1,31,E-Wallet,8.6
FD-00520,2025-08-07 21:36:00,Dammam,Member,Dinner,Healthy,Green Bowl,6,109.23,13.19,121.01,30,Cash,8.5
FD-00521,2025-07-12 14:28:00,Jeddah,Member,Lunch,Asian,Taste of Jeddah,2,34.13,7.86,43.79,45,Credit Card,7.8
FD-00522,2025-05-23 15:19:00,Makkah,Member,Lunch,Healthy,Burger Hub,1,44.45,10.23,56.0,30,Credit Card,9.3
FD-00523,2025-08-12 18:23:00,Dammam,Member,Snack,Healthy,Rice & Spice,5,94.43,7.63,104.58,21,Credit Card,9.4
FD-00524,2025-10-02 21:19:00,Riyadh,Member,Dinner,Saudi,Daily Dish,8,269.4,9.64,283.63,39,Cash,8.7
FD-00525,2025-07-24 16:03:00,Jeddah,Member,Snack,Saudi,Burger Hub,5,131.47,12.0,146.09,43,E-Wallet,7.3
FD-00526,2025-06-04 21:13:00,Makkah,Normal,Dinner,Saudi,Family Grill,2,66.0,5.6,75.31,40,E-Wallet,8.4
FD-00527,2025-03-16 12:10:00,Dammam,Member,Lunch,Italian,Najd Kitchen,5,104.54,9.36,109.39,36,E-Wallet,8.4
FD-00528,2025-07-25 10:56:00,Khobar,Member,Breakfast,American,Green Bowl,3,103.06,8.14,104.63,27,Credit Card,9.3
FD-00529,2025-01-06 22:12:00,Dammam,Member,Dinner,Italian,Pasta House,8,138.96,8.07,147.95,29,Credit Card,8.5
FD-00530,2025-11-04 18:25:00,Riyadh,Member,Snack,Asian,Najd Kitchen,1,29.35,5.56,36.93,49,Credit Card,7.8
FD-00531,2025-01-13 21:24:00,Riyadh,Member,Dinner,American,Wok Express,1,30.49,10.96,49.64,22,Credit Card,8.1
FD-00532,2025-11-08 22:11:00,Dammam,Member,Dinner,Healthy,Urban Bites,3,92.55,4.91,104.22,27,Cash,9.0
FD-00533,2025-12-21 16:53:00,Riyadh,Normal,Snack,Saudi,Daily Dish,8,107.01,11.94,117.85,35,E-Wallet,8.6
FD-00534,2025-09-03 15:07:00,Jeddah,Normal,Lunch,Saudi,Family Grill,8,278.08,6.28,284.75,39,E-Wallet,9.0
FD-00535,2025-01-06 09:31:00,Jeddah,Member,Breakfast,American,Wok Express,4,131.29,6.93,141.03,51,E-Wallet,7.4
FD-00536,2025-08-14 17:32:00,Jeddah,Normal,Snack,Saudi,Taste of Jeddah,3,96.98,6.83,108.86,36,E-Wallet,8.6
FD-00537,2025-10-27 14:07:00,Riyadh,Member,Lunch,American,Pasta House,6,209.24,8.78,216.51,50,Credit Card,8.9
FD-00538,2025-11-20 13:50:00,Jeddah,Member,Lunch,American,Urban Bites,1,42.51,10.63,63.23,46,Credit Card,6.7
FD-00539,2025-03-31 20:47:00,Dammam,Member,Dinner,Healthy,Urban Bites,3,47.73,13.9,60.23,39,Cash,9.0
FD-00540,2025-04-14 20:32:00,Jeddah,Normal,Dinner,Italian,Daily Dish,6,202.67,9.8,209.77,38,E-Wallet,6.8
FD-00541,2025-10-25 15:28:00,Makkah,Normal,Lunch,Saudi,Green Bowl,4,203.9,5.25,215.76,28,Credit Card,9.2
FD-00542,2025-08-14 19:58:00,Makkah,Normal,Dinner,American,Wok Express,8,208.58,7.13,214.76,23,Credit Card,8.9
FD-00543,2025-08-02 17:39:00,Riyadh,Member,Snack,American,Pasta House,3,96.78,13.13,119.82,31,Credit Card,8.1
FD-00544,2025-09-21 18:56:00,Khobar,Member,Dinner,Asian,Rice & Spice,3,121.11,3.54,123.6,50,E-Wallet,8.1
FD-00545,2025-01-09 13:56:00,Riyadh,Normal,Lunch,Asian,Najd Kitchen,2,47.82,5.12,49.79,39,Cash,9.0
FD-00546,2025-03-22 18:57:00,Dammam,Normal,Dinner,Saudi,Pasta House,5,90.11,4.82,101.43,43,E-Wallet,8.0
FD-00547,2025-01-26 20:24:00,Dammam,Normal,Dinner,American,Family Grill,1,50.45,12.56,63.77,46,Credit Card,8.2
FD-00548,2025-07-20 16:14:00,Jeddah,Member,Snack,Italian,Wok Express,6,74.32,4.44,84.29,31,E-Wallet,9.7
FD-00549,2025-12-16 09:23:00,Jeddah,Member,Breakfast,Healthy,Najd Kitchen,1,22.64,14.01,34.8,27,Cash,8.4
FD-00550,2025-04-21 21:32:00,Riyadh,Normal,Dinner,Italian,Urban Bites,5,210.87,13.22,218.73,36,Credit Card,8.3
FD-00551,2025-09-03 15:13:00,Jeddah,Member,Lunch,American,Rice & Spice,5,146.79,13.63,158.59,37,Credit Card,9.3
FD-00552,2025-08-09 18:44:00,Riyadh,Member,Dinner,Healthy,Taste of Jeddah,2,58.03,13.57,73.78,23,E-Wallet,9.6
FD-00553,2025-03-15 09:57:00,Khobar,Member,Breakfast,Saudi,Burger Hub,8,167.55,10.93,173.88,15,Cash,10.0
FD-00554,2025-09-12 14:57:00,Riyadh,Member,Lunch,Saudi,Daily Dish,5,155.97,5.29,153.44,33,E-Wallet,7.8
FD-00555,2025-01-05 19:42:00,Jeddah,Member,Dinner,Asian,Daily Dish,1,30.3,8.63,40.64,33,Cash,8.2
FD-00556,2025-06-04 08:18:00,Jeddah,Member,Breakfast,American,Daily Dish,2,55.15,8.58,51.62,25,Credit Card,8.6
FD-00557,2025-04-15 10:34:00,Riyadh,Normal,Breakfast,Saudi,Family Grill,1,37.79,11.04,43.12,37,Credit Card,7.5
FD-00558,2025-11-03 22:39:00,Jeddah,Member,Dinner,Saudi,Burger Hub,5,89.99,9.19,95.53,39,Cash,7.9
FD-00559,2025-02-03 19:52:00,Makkah,Normal,Dinner,Italian,Daily Dish,4,114.08,12.95,123.64,24,Cash,9.0
FD-00560,2025-12-27 13:16:00,Riyadh,Member,Lunch,Saudi,Wok Express,6,112.72,7.68,116.72,47,Credit Card,7.2
FD-00561,2025-07-11 14:50:00,Khobar,Member,Lunch,Healthy,Wok Express,5,107.74,4.95,112.16,34,E-Wallet,7.7
FD-00562,2025-09-13 10:25:00,Riyadh,Member,Breakfast,Italian,Rice & Spice,6,205.29,12.95,213.91,51,E-Wallet,8.0
FD-00563,2025-07-23 12:04:00,Dammam,Member,Lunch,Saudi,Urban Bites,6,151.97,11.32,172.51,23,E-Wallet,8.1
FD-00564,2025-07-29 18:50:00,Khobar,Normal,Dinner,Saudi,Urban Bites,3,152.2,13.15,162.5,50,E-Wallet,7.4
FD-00565,2025-03-28 22:43:00,Khobar,Normal,Dinner,American,Daily Dish,1,35.56,14.25,49.23,32,Credit Card,7.6
FD-00566,2025-07-10 15:52:00,Makkah,Member,Lunch,American,Rice & Spice,8,190.33,14.79,207.48,39,Cash,7.3
FD-00567,2025-12-17 08:29:00,Riyadh,Member,Breakfast,Asian,Pasta House,8,291.58,6.21,297.95,17,E-Wallet,8.2
FD-00568,2025-01-16 13:08:00,Dammam,Normal,Lunch,Saudi,Green Bowl,2,34.86,6.2,39.15,33,E-Wallet,7.8
FD-00569,2025-11-15 20:35:00,Riyadh,Member,Dinner,Saudi,Burger Hub,1,18.37,6.58,28.72,38,E-Wallet,8.5
FD-00570,2025-01-03 17:28:00,Makkah,Normal,Snack,Asian,Daily Dish,2,54.79,10.87,65.15,32,E-Wallet,8.1
FD-00571,2025-05-18 21:23:00,Dammam,Member,Dinner,Saudi,Burger Hub,3,94.2,8.78,94.14,41,Cash,7.9
FD-00572,2025-12-07 13:45:00,Makkah,Member,Lunch,Saudi,Pasta House,2,54.37,8.88,64.99,29,Credit Card,8.7
FD-00573,2025-01-31 20:23:00,Jeddah,Member,Dinner,Healthy,Najd Kitchen,6,102.16,6.21,110.47,39,Cash,8.6
FD-00574,2025-05-28 19:59:00,Riyadh,Member,Dinner,Asian,Family Grill,7,157.9,9.03,166.01,40,Credit Card,9.7
FD-00575,2025-08-12 12:47:00,Makkah,Member,Lunch,American,Najd Kitchen,4,164.15,11.31,177.58,40,Cash,8.4
FD-00576,2025-10-26 14:24:00,Jeddah,Normal,Lunch,American,Burger Hub,8,269.58,4.79,272.55,27,Cash,10.0
FD-00577,2025-03-25 19:41:00,Jeddah,Normal,Dinner,Italian,Urban Bites,3,84.79,4.99,90.15,37,Cash,7.8
FD-00578,2025-07-15 14:32:00,Riyadh,Normal,Lunch,Saudi,Green Bowl,6,265.22,4.25,270.89,18,Credit Card,9.8
FD-00579,2025-09-17 16:32:00,Riyadh,Normal,Snack,Asian,Daily Dish,5,170.51,14.13,176.81,50,Credit Card,8.4
FD-00580,2025-10-22 13:27:00,Riyadh,Member,Lunch,American,Taste of Jeddah,2,52.77,12.26,69.49,41,Credit Card,6.7
FD-00581,2025-09-22 21:47:00,Riyadh,Normal,Dinner,Saudi,Najd Kitchen,1,42.49,7.21,45.24,50,E-Wallet,7.1
FD-00582,2025-05-27 14:54:00,Dammam,Normal,Lunch,Saudi,Wok Express,6,304.06,14.86,315.85,28,E-Wallet,7.8
FD-00583,2025-05-29 12:33:00,Dammam,Normal,Lunch,Saudi,Urban Bites,2,39.21,9.26,46.32,20,Cash,9.6
FD-00584,2025-01-27 14:46:00,Khobar,Normal,Lunch,Healthy,Daily Dish,7,101.79,11.21,111.75,21,Cash,9.4
FD-00585,2025-06-15 09:01:00,Dammam,Normal,Breakfast,Saudi,Taste of Jeddah,3,83.04,13.71,95.28,39,E-Wallet,7.5
FD-00586,2025-01-08 17:05:00,Khobar,Normal,Snack,Italian,Pasta House,2,27.99,13.99,43.27,32,E-Wallet,8.8
FD-00587,2025-11-07 08:53:00,Riyadh,Normal,Breakfast,Asian,Wok Express,1,40.66,13.63,53.09,38,E-Wallet,9.4
FD-00588,2025-11-13 08:47:00,Riyadh,Member,Breakfast,Asian,Family Grill,5,165.54,11.64,174.57,52,E-Wallet,8.3
FD-00589,2025-05-22 10:48:00,Dammam,Normal,Breakfast,Italian,Taste of Jeddah,7,153.11,9.27,153.89,26,Credit Card,9.1
FD-00590,2025-03-15 09:24:00,Khobar,Normal,Breakfast,Asian,Taste of Jeddah,8,112.27,9.33,126.35,33,Credit Card,8.4
FD-00591,2025-10-06 14:43:00,Khobar,Member,Lunch,American,Najd Kitchen,8,172.54,11.58,180.17,32,E-Wallet,8.8
FD-00592,2025-06-20 13:20:00,Khobar,Member,Lunch,Saudi,Burger Hub,4,160.47,5.67,168.34,28,Credit Card,9.0
FD-00593,2025-01-09 16:53:00,Dammam,Member,Snack,Saudi,Najd Kitchen,6,109.16,13.98,128.35,36,Credit Card,9.4
FD-00594,2025-09-23 15:57:00,Jeddah,Normal,Lunch,Italian,Wok Express,6,177.21,8.39,178.79,31,E-Wallet,8.4
FD-00595,2025-02-18 20:05:00,Jeddah,Normal,Dinner,Italian,Green Bowl,5,213.32,11.25,226.06,35,Credit Card,8.7
FD-00596,2025-04-11 13:29:00,Dammam,Normal,Lunch,Healthy,Wok Express,8,133.78,8.69,145.45,33,Cash,7.7
FD-00597,2025-10-07 21:04:00,Dammam,Normal,Dinner,Saudi,Najd Kitchen,4,190.78,5.74,197.76,38,E-Wallet,7.4
FD-00598,2025-10-04 14:56:00,Jeddah,Normal,Lunch,Saudi,Family Grill,2,48.11,8.54,56.63,29,E-Wallet,8.2
FD-00599,2025-11-26 12:31:00,Jeddah,Normal,Lunch,Italian,Burger Hub,2,62.56,11.29,72.19,53,Cash,8.1
FD-00600,2025-11-11 08:06:00,Jeddah,Normal,Breakfast,Saudi,Wok Express,7,214.56,9.11,219.95,37,Credit Card,8.1
FD-00601,2025-02-21 13:00:00,Khobar,Member,Lunch,Healthy,Urban Bites,8,213.75,12.41,228.03,43,Credit Card,7.0
FD-00602,2025-09-21 14:59:00,Riyadh,Member,Lunch,Healthy,Rice & Spice,4,71.74,9.44,86.03,22,Credit Card,9.0
FD-00603,2025-10-25 21:29:00,Dammam,Member,Dinner,Italian,Burger Hub,4,220.93,13.36,235.81,47,Credit Card,7.6
FD-00604,2025-12-06 12:00:00,Riyadh,Member,Lunch,Italian,Burger Hub,3,127.76,11.89,146.22,36,Cash,8.2
FD-00605,2025-02-06 10:33:00,Riyadh,Member,Breakfast,Saudi,Pasta House,5,98.23,14.23,105.01,45,Credit Card,8.7
FD-00606,2025-08-06 16:20:00,Jeddah,Member,Snack,Saudi,Family Grill,5,138.98,4.27,145.18,26,E-Wallet,8.7
FD-00607,2025-03-24 15:37:00,Jeddah,Normal,Lunch,American,Najd Kitchen,3,141.84,7.08,148.28,28,Cash,8.2
FD-00608,2025-11-10 13:05:00,Jeddah,Member,Lunch,American,Pasta House,5,145.91,11.62,162.14,32,Credit Card,8.6
FD-00609,2025-06-24 13:48:00,Riyadh,Member,Lunch,Italian,Wok Express,2,89.47,4.57,91.04,30,Cash,9.7
FD-00610,2025-05-01 08:18:00,Jeddah,Normal,Breakfast,American,Burger Hub,6,226.42,6.78,227.92,37,E-Wallet,10.0
FD-00611,2025-02-16 19:35:00,Dammam,Normal,Dinner,Saudi,Najd Kitchen,6,133.64,7.7,140.42,45,Cash,8.3
FD-00612,2025-09-27 12:40:00,Makkah,Member,Lunch,Asian,Daily Dish,8,145.98,8.38,157.53,42,Credit Card,9.0
FD-00613,2025-11-24 15:36:00,Jeddah,Member,Lunch,American,Family Grill,4,131.15,6.54,141.66,30,Credit Card,8.9
FD-00614,2025-11-04 21:16:00,Khobar,Member,Dinner,Asian,Green Bowl,5,259.35,7.15,270.04,31,E-Wallet,8.0
FD-00615,2025-08-14 09:39:00,Jeddah,Member,Breakfast,Italian,Rice & Spice,6,252.44,6.0,261.26,29,E-Wallet,10.0
FD-00616,2025-09-08 12:45:00,Khobar,Member,Lunch,Italian,Najd Kitchen,2,67.4,11.15,84.73,21,E-Wallet,8.9
FD-00617,2025-02-04 13:17:00,Khobar,Member,Lunch,Healthy,Najd Kitchen,7,100.37,12.3,113.71,42,E-Wallet,7.6
FD-00618,2025-11-21 20:07:00,Riyadh,Normal,Dinner,Healthy,Daily Dish,4,168.97,14.51,181.42,43,Credit Card,7.7
FD-00619,2025-03-27 15:53:00,Makkah,Normal,Lunch,Asian,Taste of Jeddah,5,160.48,12.16,175.41,18,E-Wallet,9.2
FD-00620,2025-09-18 14:31:00,Dammam,Normal,Lunch,Saudi,Green Bowl,7,240.85,12.1,250.75,34,Credit Card,9.7
FD-00621,2025-05-17 13:59:00,Makkah,Member,Lunch,Saudi,Najd Kitchen,5,217.31,6.1,225.02,32,Cash,9.3
FD-00622,2025-08-04 17:39:00,Khobar,Member,Snack,American,Taste of Jeddah,4,97.16,9.37,107.6,41,Credit Card,8.4
FD-00623,2025-02-05 12:19:00,Dammam,Member,Lunch,Saudi,Burger Hub,1,17.84,8.74,24.04,18,E-Wallet,9.7
FD-00624,2025-08-09 15:57:00,Dammam,Member,Lunch,Asian,Wok Express,6,115.51,10.94,127.41,31,E-Wallet,9.2
FD-00625,2025-02-21 07:54:00,Khobar,Member,Breakfast,Asian,Green Bowl,7,244.33,5.97,250.72,15,E-Wallet,9.7
FD-00626,2025-12-07 18:33:00,Jeddah,Member,Dinner,Saudi,Rice & Spice,4,117.18,11.21,123.73,45,Credit Card,8.2
FD-00627,2025-01-05 18:16:00,Khobar,Member,Snack,Asian,Pasta House,5,66.52,10.29,70.49,37,Credit Card,9.0
FD-00628,2025-06-30 08:37:00,Riyadh,Normal,Breakfast,Asian,Green Bowl,4,142.49,11.99,152.84,42,E-Wallet,6.9
FD-00629,2025-05-15 17:45:00,Khobar,Member,Snack,Saudi,Daily Dish,7,185.12,7.46,196.71,42,Credit Card,8.2
FD-00630,2025-11-04 17:25:00,Makkah,Normal,Snack,Italian,Green Bowl,8,161.71,15.15,169.66,17,Credit Card,8.7
FD-00631,2025-04-29 18:42:00,Riyadh,Member,Dinner,Asian,Wok Express,2,93.94,6.61,98.11,31,Credit Card,7.9
FD-00632,2025-11-11 21:11:00,Makkah,Normal,Dinner,Asian,Family Grill,5,147.21,14.75,161.06,38,Cash,8.6
FD-00633,2025-01-06 14:35:00,Dammam,Member,Lunch,American,Pasta House,1,28.9,10.84,36.68,45,Credit Card,9.3
FD-00634,2025-02-13 12:22:00,Makkah,Member,Lunch,Saudi,Green Bowl,7,339.99,6.75,347.59,50,E-Wallet,8.3
FD-00635,2025-11-01 21:42:00,Jeddah,Normal,Dinner,American,Rice & Spice,2,73.48,5.06,81.0,40,Credit Card,7.4
FD-00636,2025-01-22 13:46:00,Jeddah,Normal,Lunch,Italian,Wok Express,5,84.04,7.86,79.8,41,E-Wallet,7.2
FD-00637,2025-12-07 18:31:00,Riyadh,Normal,Dinner,Italian,Green Bowl,5,273.44,13.25,291.47,31,E-Wallet,9.3
FD-00638,2025-03-16 21:02:00,Jeddah,Member,Dinner,Saudi,Taste of Jeddah,8,161.94,4.44,162.86,34,E-Wallet,8.4
FD-00639,2025-01-13 15:23:00,Riyadh,Member,Lunch,Asian,Family Grill,6,192.19,11.79,201.39,42,E-Wallet,6.8
FD-00640,2025-08-02 19:45:00,Riyadh,Member,Dinner,Saudi,Najd Kitchen,3,97.53,4.78,95.79,48,E-Wallet,8.0
FD-00641,2025-02-09 12:32:00,Riyadh,Member,Lunch,Asian,Wok Express,7,208.24,9.44,208.92,47,E-Wallet,8.6
FD-00642,2025-03-24 15:02:00,Makkah,Normal,Lunch,American,Rice & Spice,5,288.62,5.25,293.29,36,Credit Card,8.8
FD-00643,2025-10-17 20:59:00,Dammam,Normal,Dinner,Healthy,Najd Kitchen,3,149.71,7.17,155.33,46,E-Wallet,8.0
FD-00644,2025-11-21 09:41:00,Khobar,Member,Breakfast,American,Rice & Spice,1,25.55,9.44,34.83,31,E-Wallet,9.2
FD-00645,2025-12-02 14:38:00,Jeddah,Member,Lunch,Asian,Taste of Jeddah,1,25.14,13.39,34.83,36,Credit Card,9.0
FD-00646,2025-11-22 16:50:00,Dammam,Normal,Snack,American,Urban Bites,1,27.19,13.02,45.82,38,E-Wallet,9.6
FD-00647,2025-05-18 21:07:00,Makkah,Member,Dinner,American,Pasta House,8,456.44,13.0,471.83,43,E-Wallet,8.1
FD-00648,2025-06-17 14:07:00,Riyadh,Normal,Lunch,American,Wok Express,2,77.25,8.58,99.41,48,E-Wallet,7.6
FD-00649,2025-09-04 13:31:00,Riyadh,Normal,Lunch,Asian,Wok Express,5,266.15,6.62,269.44,37,E-Wallet,8.8
FD-00650,2025-08-22 15:39:00,Riyadh,Member,Lunch,Italian,Taste of Jeddah,7,334.79,13.17,348.97,38,Cash,8.2
FD-00651,2025-11-24 22:10:00,Makkah,Member,Dinner,Saudi,Taste of Jeddah,8,391.8,13.22,397.08,30,E-Wallet,8.8
FD-00652,2025-07-04 20:36:00,Riyadh,Member,Dinner,Healthy,Najd Kitchen,7,305.75,10.5,313.63,32,Cash,10.0
FD-00653,2025-02-23 12:18:00,Riyadh,Normal,Lunch,Italian,Burger Hub,3,50.05,5.68,64.92,27,Credit Card,8.0
FD-00654,2025-12-11 13:37:00,Jeddah,Normal,Lunch,Saudi,Daily Dish,8,124.39,12.98,143.99,45,E-Wallet,7.0
FD-00655,2025-07-23 20:09:00,Jeddah,Member,Dinner,Italian,Wok Express,7,172.87,5.97,182.5,42,Credit Card,7.2
FD-00656,2025-12-27 21:14:00,Dammam,Member,Dinner,Italian,Green Bowl,6,134.87,12.43,140.74,37,Credit Card,8.6
FD-00657,2025-04-13 19:33:00,Jeddah,Member,Dinner,Asian,Pasta House,7,173.26,6.83,182.98,32,Credit Card,8.3
FD-00658,2025-04-19 22:16:00,Riyadh,Member,Dinner,Italian,Rice & Spice,7,355.33,6.86,361.41,45,Credit Card,8.3
FD-00659,2025-12-06 08:13:00,Dammam,Member,Breakfast,Italian,Urban Bites,3,92.47,6.67,85.39,24,E-Wallet,8.6
FD-00660,2025-12-05 07:08:00,Makkah,Normal,Breakfast,American,Rice & Spice,4,169.47,5.11,175.03,32,Credit Card,9.8
FD-00661,2025-07-28 17:23:00,Jeddah,Member,Snack,Saudi,Najd Kitchen,6,85.61,8.39,87.39,28,E-Wallet,8.4
FD-00662,2025-03-09 17:09:00,Riyadh,Normal,Snack,American,Green Bowl,2,64.56,6.63,66.08,44,Credit Card,8.5
FD-00663,2025-04-16 10:24:00,Jeddah,Normal,Breakfast,Saudi,Najd Kitchen,8,153.26,9.15,165.99,23,E-Wallet,9.0
FD-00664,2025-12-23 18:46:00,Makkah,Member,Dinner,Italian,Taste of Jeddah,5,159.02,5.73,165.4,32,E-Wallet,8.3
FD-00665,2025-05-30 18:26:00,Jeddah,Member,Dinner,Italian,Rice & Spice,5,210.28,7.89,214.72,34,E-Wallet,8.2
FD-00666,2025-07-09 15:19:00,Riyadh,Member,Lunch,Saudi,Wok Express,5,242.84,9.69,251.82,30,E-Wallet,9.1
FD-00667,2025-10-11 14:57:00,Riyadh,Member,Lunch,Asian,Pasta House,2,47.09,5.22,48.9,46,Cash,7.9
FD-00668,2025-07-17 20:29:00,Khobar,Normal,Dinner,Asian,Urban Bites,5,233.71,5.98,245.4,39,E-Wallet,8.0
FD-00669,2025-06-30 12:01:00,Jeddah,Normal,Lunch,Saudi,Najd Kitchen,8,167.04,6.47,173.83,25,Cash,9.1
FD-00670,2025-03-18 21:35:00,Makkah,Member,Dinner,American,Najd Kitchen,4,203.46,12.1,215.07,37,Credit Card,8.6
FD-00671,2025-09-30 20:09:00,Dammam,Normal,Dinner,Healthy,Wok Express,5,92.08,8.16,102.88,37,E-Wallet,9.0
FD-00672,2025-05-26 14:28:00,Riyadh,Member,Lunch,American,Rice & Spice,3,146.12,11.15,151.04,29,Cash,9.0
FD-00673,2025-09-12 16:13:00,Riyadh,Normal,Snack,Saudi,Najd Kitchen,7,80.82,13.06,100.17,41,Credit Card,7.9
FD-00674,2025-07-15 18:30:00,Dammam,Member,Snack,Asian,Wok Express,2,53.64,7.36,59.32,45,E-Wallet,9.1
FD-00675,2025-10-27 18:59:00,Khobar,Member,Snack,Saudi,Green Bowl,1,15.65,8.23,26.21,37,E-Wallet,8.6
FD-00676,2025-01-01 15:36:00,Riyadh,Normal,Lunch,Saudi,Wok Express,5,179.47,7.59,185.47,16,Credit Card,9.8
FD-00677,2025-04-14 10:23:00,Riyadh,Normal,Breakfast,Asian,Urban Bites,2,74.61,4.5,69.69,29,Credit Card,8.6
FD-00678,2025-10-06 14:42:00,Makkah,Member,Lunch,Italian,Pasta House,2,93.18,11.58,108.3,26,Cash,9.0
FD-00679,2025-03-03 15:52:00,Riyadh,Member,Lunch,Healthy,Burger Hub,3,79.67,4.83,85.65,21,Credit Card,8.0
FD-00680,2025-08-24 22:53:00,Riyadh,Normal,Dinner,Italian,Wok Express,1,43.81,14.22,62.64,33,Cash,9.5
FD-00681,2025-07-23 13:15:00,Makkah,Member,Lunch,Healthy,Taste of Jeddah,5,215.17,11.83,231.61,42,E-Wallet,9.0
FD-00682,2025-07-15 15:27:00,Jeddah,Member,Lunch,Saudi,Najd Kitchen,2,83.43,6.63,87.18,39,E-Wallet,8.9
FD-00683,2025-05-13 15:58:00,Riyadh,Normal,Lunch,Asian,Taste of Jeddah,6,139.69,9.45,150.4,42,E-Wallet,7.4
FD-00684,2025-08-31 15:32:00,Dammam,Member,Lunch,Saudi,Wok Express,5,140.14,6.48,151.36,35,Cash,9.7
FD-00685,2025-07-03 20:23:00,Makkah,Member,Dinner,Italian,Family Grill,8,443.55,13.99,463.26,35,E-Wallet,8.9
FD-00686,2025-05-12 12:55:00,Khobar,Member,Lunch,Asian,Burger Hub,5,118.23,4.94,129.32,29,E-Wallet,9.3
FD-00687,2025-04-13 18:25:00,Dammam,Normal,Dinner,Saudi,Rice & Spice,5,277.14,7.26,283.66,26,Credit Card,8.5
FD-00688,2025-02-19 08:03:00,Khobar,Member,Breakfast,Italian,Burger Hub,2,36.63,4.88,43.11,55,Cash,7.1
FD-00689,2025-12-18 21:26:00,Riyadh,Member,Dinner,American,Wok Express,7,382.57,14.81,395.5,28,E-Wallet,9.1
FD-00690,2025-10-26 08:58:00,Makkah,Member,Breakfast,American,Taste of Jeddah,4,158.64,14.34,178.31,22,E-Wallet,9.3
FD-00691,2025-02-07 14:47:00,Khobar,Member,Lunch,Italian,Pasta House,8,321.95,7.05,324.57,36,E-Wallet,9.6
FD-00692,2025-07-25 19:23:00,Makkah,Member,Dinner,Italian,Burger Hub,4,189.71,12.78,205.57,31,Credit Card,7.7
FD-00693,2025-05-01 12:25:00,Riyadh,Normal,Lunch,American,Burger Hub,4,87.22,14.21,95.26,33,Credit Card,7.4
FD-00694,2025-10-20 12:55:00,Riyadh,Normal,Lunch,Saudi,Wok Express,6,178.01,9.04,188.99,39,E-Wallet,7.1
FD-00695,2025-03-24 20:10:00,Makkah,Member,Dinner,Italian,Najd Kitchen,5,204.13,5.01,200.71,35,Cash,8.2
FD-00696,2025-07-28 13:20:00,Dammam,Member,Lunch,Asian,Family Grill,6,250.07,12.91,252.64,28,Credit Card,9.2
FD-00697,2025-09-27 19:41:00,Jeddah,Member,Dinner,Saudi,Burger Hub,4,190.25,10.32,205.44,53,Cash,7.5
FD-00698,2025-03-19 15:51:00,Jeddah,Normal,Lunch,Saudi,Pasta House,4,179.47,9.9,195.25,55,Credit Card,7.4
FD-00699,2025-09-22 18:09:00,Khobar,Normal,Dinner,American,Family Grill,2,109.73,10.42,119.9,36,Credit Card,8.0
FD-00700,2025-03-26 19:34:00,Jeddah,Member,Dinner,Saudi,Daily Dish,3,124.73,9.26,132.54,46,Cash,8.0
FD-00701,2025-09-20 18:12:00,Jeddah,Member,Dinner,American,Najd Kitchen,8,181.1,10.44,186.95,27,Cash,9.2
FD-00702,2025-03-04 10:02:00,Jeddah,Member,Breakfast,American,Burger Hub,1,33.21,8.4,32.54,38,Credit Card,8.8
FD-00703,2025-11-07 15:53:00,Dammam,Normal,Lunch,Healthy,Green Bowl,1,38.36,10.73,44.19,33,Cash,8.3
FD-00704,2025-01-15 18:34:00,Makkah,Member,Snack,American,Urban Bites,4,131.0,8.75,137.19,20,E-Wallet,8.7
FD-00705,2025-01-22 12:36:00,Makkah,Member,Lunch,American,Najd Kitchen,8,277.2,7.25,281.27,48,Cash,8.0
FD-00706,2025-03-03 20:29:00,Khobar,Normal,Dinner,Saudi,Najd Kitchen,2,108.82,6.5,121.86,37,Credit Card,8.7
FD-00707,2025-06-10 17:18:00,Riyadh,Member,Snack,Saudi,Taste of Jeddah,7,167.73,10.65,172.24,26,Credit Card,9.6
FD-00708,2025-10-31 18:09:00,Dammam,Normal,Dinner,Healthy,Wok Express,2,41.16,9.02,50.11,30,E-Wallet,8.1
FD-00709,2025-03-10 14:54:00,Riyadh,Member,Lunch,Saudi,Taste of Jeddah,5,206.95,4.82,209.76,40,E-Wallet,8.9
FD-00710,2025-09-25 07:26:00,Riyadh,Member,Breakfast,Italian,Green Bowl,7,275.68,13.39,292.41,36,Cash,9.6
FD-00711,2025-08-02 12:48:00,Riyadh,Member,Lunch,Saudi,Najd Kitchen,8,368.44,7.04,373.74,31,E-Wallet,9.1
FD-00712,2025-02-20 22:25:00,Makkah,Member,Dinner,American,Najd Kitchen,6,201.39,12.2,210.74,15,E-Wallet,9.7
FD-00713,2025-11-28 13:29:00,Makkah,Normal,Lunch,Saudi,Daily Dish,2,85.16,10.1,96.34,36,Cash,7.9
FD-00714,2025-12-31 17:03:00,Riyadh,Member,Snack,Asian,Daily Dish,4,60.3,12.94,74.56,25,Credit Card,9.6
FD-00715,2025-11-12 09:33:00,Riyadh,Normal,Breakfast,Italian,Taste of Jeddah,4,63.53,4.03,74.99,39,E-Wallet,8.5
FD-00716,2025-10-01 14:33:00,Khobar,Member,Lunch,Asian,Pasta House,3,51.24,4.31,58.48,41,E-Wallet,8.0
FD-00717,2025-04-05 21:40:00,Makkah,Normal,Dinner,Saudi,Pasta House,2,99.72,5.13,107.12,28,E-Wallet,8.9
FD-00718,2025-01-18 14:51:00,Dammam,Normal,Lunch,Italian,Urban Bites,1,46.72,11.12,57.27,43,E-Wallet,8.7
FD-00719,2025-03-03 18:26:00,Jeddah,Normal,Dinner,Italian,Burger Hub,4,86.26,7.15,92.13,21,E-Wallet,8.3
FD-00720,2025-05-29 14:26:00,Dammam,Normal,Lunch,Italian,Najd Kitchen,3,127.11,4.11,130.85,28,E-Wallet,9.1
FD-00721,2025-11-25 20:14:00,Riyadh,Normal,Dinner,Italian,Taste of Jeddah,7,377.62,10.33,384.93,39,Cash,8.2
FD-00722,2025-07-06 12:56:00,Khobar,Member,Lunch,Italian,Najd Kitchen,5,193.52,9.08,204.24,53,Cash,9.9
FD-00723,2025-09-19 13:41:00,Khobar,Normal,Lunch,Saudi,Wok Express,8,230.96,6.22,238.23,41,Credit Card,9.4
FD-00724,2025-12-05 22:32:00,Riyadh,Normal,Dinner,Saudi,Urban Bites,8,306.49,5.9,310.8,54,Credit Card,7.9
FD-00725,2025-01-08 18:20:00,Riyadh,Normal,Snack,American,Family Grill,4,96.16,8.06,103.45,36,Cash,8.4
FD-00726,2025-01-01 14:48:00,Dammam,Normal,Lunch,Healthy,Rice & Spice,2,50.68,8.81,53.13,30,E-Wallet,8.1
FD-00727,2025-05-04 16:49:00,Khobar,Normal,Snack,Healthy,Pasta House,7,143.28,5.53,151.34,24,E-Wallet,9.1
FD-00728,2025-11-22 12:26:00,Riyadh,Member,Lunch,Asian,Daily Dish,4,173.49,10.88,180.07,45,Cash,9.4
FD-00729,2025-03-14 10:41:00,Riyadh,Member,Breakfast,Asian,Daily Dish,5,163.48,13.33,185.24,31,E-Wallet,8.4
FD-00730,2025-03-09 22:39:00,Jeddah,Member,Dinner,Saudi,Urban Bites,6,183.65,5.72,191.87,35,Cash,8.9
FD-00731,2025-08-01 20:22:00,Jeddah,Normal,Dinner,Asian,Rice & Spice,5,91.61,5.74,99.11,47,Credit Card,7.9
FD-00732,2025-07-23 08:55:00,Riyadh,Member,Breakfast,Italian,Wok Express,8,118.07,13.02,125.12,24,Credit Card,7.3
FD-00733,2025-03-11 14:45:00,Riyadh,Member,Lunch,American,Burger Hub,3,121.8,8.87,126.87,34,E-Wallet,8.1
FD-00734,2025-08-19 17:12:00,Jeddah,Member,Snack,Healthy,Najd Kitchen,1,24.5,10.75,34.62,30,Credit Card,8.3
FD-00735,2025-10-03 16:43:00,Makkah,Normal,Snack,Healthy,Rice & Spice,1,36.37,13.08,49.1,21,Cash,9.0
FD-00736,2025-03-18 12:54:00,Khobar,Normal,Lunch,Saudi,Daily Dish,3,58.23,8.86,63.28,27,E-Wallet,9.4
FD-00737,2025-09-15 22:15:00,Jeddah,Member,Dinner,Saudi,Family Grill,1,32.06,8.27,34.62,36,Cash,9.4
FD-00738,2025-01-14 21:08:00,Riyadh,Member,Dinner,Italian,Wok Express,3,153.73,10.69,164.09,39,E-Wallet,8.2
FD-00739,2025-03-03 18:50:00,Khobar,Member,Dinner,Italian,Wok Express,7,339.16,11.62,345.45,38,Credit Card,8.5
FD-00740,2025-01-20 14:27:00,Dammam,Member,Lunch,Asian,Najd Kitchen,5,92.59,13.28,105.35,29,Credit Card,8.9
FD-00741,2025-03-22 22:50:00,Makkah,Member,Dinner,Saudi,Green Bowl,8,287.81,4.92,290.1,32,E-Wallet,7.6
FD-00742,2025-11-15 20:58:00,Jeddah,Member,Dinner,Healthy,Rice & Spice,4,193.96,14.91,203.72,33,E-Wallet,9.8
FD-00743,2025-01-12 22:30:00,Jeddah,Member,Dinner,American,Rice & Spice,5,282.27,10.75,292.56,50,E-Wallet,8.6
FD-00744,2025-07-27 16:15:00,Jeddah,Member,Snack,Asian,Green Bowl,5,62.68,14.94,84.87,45,Credit Card,7.8
FD-00745,2025-12-24 18:17:00,Makkah,Normal,Dinner,Italian,Taste of Jeddah,8,222.22,9.24,221.32,33,E-Wallet,8.4
FD-00746,2025-10-19 22:19:00,Dammam,Member,Dinner,Saudi,Urban Bites,3,103.14,12.26,113.77,38,E-Wallet,6.9
FD-00747,2025-04-08 18:42:00,Dammam,Member,Snack,Italian,Pasta House,2,39.53,7.87,39.12,29,Credit Card,8.1
FD-00748,2025-08-05 09:51:00,Jeddah,Member,Breakfast,Saudi,Pasta House,5,148.99,5.06,157.09,35,E-Wallet,8.7
FD-00749,2025-08-29 17:13:00,Makkah,Member,Snack,Italian,Rice & Spice,2,59.23,10.89,71.39,23,Credit Card,8.1
FD-00750,2025-08-01 18:11:00,Dammam,Normal,Dinner,Asian,Pasta House,1,30.44,4.8,34.18,47,Cash,8.7
FD-00751,2025-01-08 12:38:00,Jeddah,Member,Lunch,Healthy,Daily Dish,2,57.7,14.0,74.58,37,E-Wallet,9.6
FD-00752,2025-06-03 16:14:00,Dammam,Normal,Snack,Saudi,Daily Dish,7,114.84,5.11,118.23,41,E-Wallet,8.2
FD-00753,2025-08-20 07:09:00,Riyadh,Member,Breakfast,Healthy,Urban Bites,6,113.46,7.14,125.01,48,Cash,8.9
FD-00754,2025-01-28 22:50:00,Riyadh,Normal,Dinner,American,Family Grill,3,156.17,8.05,159.89,33,E-Wallet,8.6
FD-00755,2025-11-23 19:17:00,Dammam,Normal,Dinner,Healthy,Pasta House,8,225.35,6.76,232.95,21,Credit Card,9.5
FD-00756,2025-11-23 18:52:00,Khobar,Normal,Dinner,Italian,Green Bowl,2,84.06,14.22,101.74,45,Cash,9.1
FD-00757,2025-08-14 14:51:00,Jeddah,Member,Lunch,Saudi,Rice & Spice,5,234.67,9.87,245.49,25,E-Wallet,7.7
FD-00758,2025-04-11 22:55:00,Riyadh,Member,Dinner,Saudi,Green Bowl,8,186.46,9.89,195.82,38,E-Wallet,9.3
FD-00759,2025-05-21 18:11:00,Dammam,Normal,Dinner,Italian,Pasta House,1,54.21,9.1,56.55,51,E-Wallet,8.4
FD-00760,2025-04-26 12:04:00,Riyadh,Normal,Lunch,American,Green Bowl,1,36.91,4.26,40.02,42,E-Wallet,8.0
FD-00761,2025-06-25 16:45:00,Khobar,Normal,Snack,Saudi,Daily Dish,8,248.01,10.63,257.85,15,Cash,10.0
FD-00762,2025-07-25 08:30:00,Jeddah,Member,Breakfast,Saudi,Rice & Spice,6,126.11,13.41,147.54,23,Credit Card,10.0
FD-00763,2025-12-20 15:26:00,Makkah,Member,Lunch,Asian,Pasta House,2,36.0,9.41,44.1,42,Cash,8.1
FD-00764,2025-06-22 19:25:00,Makkah,Normal,Dinner,American,Taste of Jeddah,2,80.23,12.92,91.1,30,E-Wallet,8.2
FD-00765,2025-08-30 16:09:00,Dammam,Normal,Snack,Saudi,Pasta House,3,80.17,5.05,83.07,32,Credit Card,9.8
FD-00766,2025-05-01 20:03:00,Jeddah,Normal,Dinner,Italian,Najd Kitchen,4,127.24,9.8,136.31,29,E-Wallet,8.3
FD-00767,2025-06-26 07:17:00,Jeddah,Member,Breakfast,Asian,Taste of Jeddah,6,106.65,8.9,111.19,16,Credit Card,10.0
FD-00768,2025-08-22 09:16:00,Jeddah,Normal,Breakfast,Saudi,Rice & Spice,3,124.17,4.09,132.38,43,Credit Card,8.8
FD-00769,2025-05-01 19:48:00,Riyadh,Normal,Dinner,Asian,Daily Dish,3,142.33,9.39,158.0,44,Cash,7.7
FD-00770,2025-03-24 19:09:00,Makkah,Normal,Dinner,Italian,Green Bowl,2,101.12,15.11,115.53,39,E-Wallet,7.8
FD-00771,2025-11-24 18:04:00,Riyadh,Member,Dinner,Saudi,Wok Express,6,211.85,6.48,213.26,41,E-Wallet,8.1
FD-00772,2025-08-15 16:59:00,Riyadh,Member,Snack,Saudi,Burger Hub,3,66.0,5.18,73.36,29,E-Wallet,9.0
FD-00773,2025-10-23 21:15:00,Riyadh,Normal,Dinner,Italian,Urban Bites,2,102.11,4.25,104.33,41,Cash,8.0
FD-00774,2025-04-25 20:21:00,Dammam,Normal,Dinner,Healthy,Taste of Jeddah,4,138.41,11.72,156.05,44,Cash,8.2
FD-00775,2025-01-08 19:16:00,Jeddah,Normal,Dinner,Italian,Pasta House,8,224.48,4.96,228.55,41,Cash,8.2
FD-00776,2025-04-19 18:46:00,Jeddah,Normal,Dinner,Asian,Rice & Spice,4,213.54,8.08,222.73,38,Cash,9.4
FD-00777,2025-06-16 16:47:00,Khobar,Normal,Snack,Asian,Rice & Spice,5,139.58,4.59,136.15,22,Credit Card,9.5
FD-00778,2025-10-28 14:33:00,Riyadh,Member,Lunch,Healthy,Burger Hub,1,23.52,10.4,34.64,49,E-Wallet,8.9
FD-00779,2025-03-03 16:44:00,Dammam,Normal,Snack,Saudi,Green Bowl,7,198.37,6.45,210.17,31,E-Wallet,8.8
FD-00780,2025-07-12 19:05:00,Riyadh,Normal,Dinner,American,Rice & Spice,5,243.91,8.71,240.03,37,E-Wallet,8.8
FD-00781,2025-03-25 20:44:00,Khobar,Member,Dinner,Asian,Urban Bites,6,98.91,12.83,103.62,33,Cash,8.0
FD-00782,2025-11-19 17:15:00,Khobar,Member,Snack,Asian,Najd Kitchen,4,79.1,12.84,90.0,46,E-Wallet,7.8
FD-00783,2025-10-05 20:38:00,Makkah,Normal,Dinner,Healthy,Burger Hub,4,157.52,5.94,163.94,41,Cash,7.6
FD-00784,2025-09-20 22:16:00,Dammam,Normal,Dinner,Italian,Najd Kitchen,5,279.23,6.57,287.63,42,E-Wallet,8.7
FD-00785,2025-05-19 21:54:00,Makkah,Member,Dinner,Asian,Pasta House,3,55.96,13.39,71.23,37,Credit Card,9.0
FD-00786,2025-10-17 22:49:00,Makkah,Member,Dinner,Healthy,Burger Hub,3,146.13,6.46,144.94,32,Credit Card,8.7
FD-00787,2025-02-20 18:30:00,Dammam,Normal,Dinner,Asian,Urban Bites,6,147.23,5.8,156.33,37,E-Wallet,8.3
FD-00788,2025-12-13 18:32:00,Dammam,Normal,Snack,Healthy,Wok Express,4,55.97,4.35,61.97,44,E-Wallet,7.9
FD-00789,2025-06-05 08:01:00,Riyadh,Member,Breakfast,Saudi,Family Grill,8,127.72,6.29,128.1,40,E-Wallet,6.8
FD-00790,2025-11-02 12:12:00,Dammam,Member,Lunch,Healthy,Pasta House,1,18.24,14.01,34.62,29,Credit Card,8.5
FD-00791,2025-05-06 22:37:00,Dammam,Normal,Dinner,Healthy,Daily Dish,6,245.62,10.9,261.31,46,E-Wallet,7.6
FD-00792,2025-11-04 15:49:00,Khobar,Member,Lunch,Asian,Taste of Jeddah,1,19.79,8.57,16.96,37,E-Wallet,8.6
FD-00793,2025-01-12 12:55:00,Dammam,Normal,Lunch,Asian,Rice & Spice,5,238.04,7.28,242.42,26,Cash,10.0
FD-00794,2025-01-15 14:54:00,Makkah,Member,Lunch,Saudi,Rice & Spice,6,100.71,10.12,109.65,27,Credit Card,9.6
FD-00795,2025-11-10 17:28:00,Makkah,Normal,Snack,Asian,Burger Hub,1,23.71,9.0,29.55,31,Cash,9.8
FD-00796,2025-06-17 08:57:00,Khobar,Member,Breakfast,Italian,Najd Kitchen,3,106.46,4.13,100.58,40,Credit Card,7.8
FD-00797,2025-12-07 19:16:00,Riyadh,Normal,Dinner,Saudi,Burger Hub,3,72.89,14.87,90.26,36,Cash,8.9
FD-00798,2025-02-14 08:55:00,Makkah,Normal,Breakfast,Saudi,Pasta House,1,39.18,15.01,44.52,32,Credit Card,8.0
FD-00799,2025-04-14 12:04:00,Makkah,Member,Lunch,American,Rice & Spice,3,104.1,14.08,118.39,32,Credit Card,7.8
FD-00800,2025-03-15 07:55:00,Dammam,Member,Breakfast,Asian,Daily Dish,6,198.89,13.03,211.76,28,E-Wallet,7.9
FD-00801,2025-11-27 12:53:00,Khobar,Member,Lunch,Asian,Rice & Spice,7,244.56,12.2,256.67,16,Credit Card,9.9
FD-00802,2025-03-26 21:33:00,Dammam,Normal,Dinner,American,Rice & Spice,1,39.09,10.61,47.07,35,E-Wallet,8.0
FD-00803,2025-11-30 18:06:00,Riyadh,Member,Snack,Italian,Family Grill,5,159.96,14.07,171.69,56,E-Wallet,8.0
FD-00804,2025-05-24 18:35:00,Riyadh,Member,Snack,Italian,Urban Bites,3,40.13,7.02,49.15,31,Cash,9.0
FD-00805,2025-03-10 09:09:00,Dammam,Member,Breakfast,Asian,Pasta House,7,281.27,8.97,280.22,36,Cash,8.5
FD-00806,2025-01-31 20:14:00,Jeddah,Normal,Dinner,Healthy,Taste of Jeddah,4,66.71,11.17,75.0,42,Credit Card,8.9
FD-00807,2025-06-01 21:11:00,Dammam,Member,Dinner,Asian,Wok Express,7,334.26,13.19,336.64,35,Credit Card,6.7
FD-00808,2025-05-02 12:32:00,Riyadh,Member,Lunch,Healthy,Najd Kitchen,5,108.03,13.66,117.76,26,Credit Card,9.2
FD-00809,2025-09-28 16:55:00,Jeddah,Member,Snack,Asian,Najd Kitchen,1,28.75,13.59,39.2,47,Cash,8.4
FD-00810,2025-06-16 21:28:00,Riyadh,Normal,Dinner,Saudi,Wok Express,7,169.94,5.37,177.09,38,Credit Card,8.1
FD-00811,2025-12-18 22:54:00,Jeddah,Member,Dinner,Saudi,Wok Express,5,162.45,12.83,176.81,27,Cash,8.5
FD-00812,2025-02-07 20:44:00,Dammam,Normal,Dinner,Saudi,Pasta House,2,82.0,4.74,86.36,24,Credit Card,7.8
FD-00813,2025-09-30 14:09:00,Dammam,Member,Lunch,Saudi,Rice & Spice,1,42.91,6.54,47.03,26,E-Wallet,9.3
FD-00814,2025-09-20 15:38:00,Makkah,Member,Lunch,Italian,Wok Express,8,138.93,15.42,150.93,39,Cash,8.0
FD-00815,2025-09-14 13:48:00,Jeddah,Normal,Lunch,Asian,Family Grill,1,22.5,14.08,33.28,22,Credit Card,8.9
FD-00816,2025-08-26 10:16:00,Riyadh,Member,Breakfast,Healthy,Taste of Jeddah,5,122.42,4.97,127.33,47,Cash,7.6
FD-00817,2025-01-27 12:44:00,Khobar,Member,Lunch,American,Pasta House,3,145.08,9.91,159.47,35,Cash,8.5
FD-00818,2025-04-26 08:37:00,Makkah,Member,Breakfast,Healthy,Najd Kitchen,3,40.12,11.67,49.58,39,Credit Card,8.5
FD-00819,2025-05-07 22:39:00,Riyadh,Normal,Dinner,Saudi,Family Grill,4,175.01,5.47,178.79,22,Credit Card,7.6
FD-00820,2025-11-03 16:36:00,Jeddah,Member,Snack,Saudi,Daily Dish,2,37.28,4.19,42.98,40,E-Wallet,9.3
FD-00821,2025-10-04 22:33:00,Makkah,Member,Dinner,Healthy,Green Bowl,1,49.19,8.6,55.31,24,Cash,9.9
FD-00822,2025-02-15 20:39:00,Jeddah,Member,Dinner,Saudi,Taste of Jeddah,6,233.23,13.4,248.73,29,Cash,7.2
FD-00823,2025-01-02 08:27:00,Dammam,Member,Breakfast,Asian,Urban Bites,4,119.5,5.09,127.31,21,Cash,9.1
FD-00824,2025-12-13 20:15:00,Dammam,Member,Dinner,Saudi,Urban Bites,7,107.09,13.31,122.71,39,E-Wallet,9.0
FD-00825,2025-01-30 21:40:00,Dammam,Member,Dinner,Asian,Burger Hub,2,90.93,12.44,108.41,39,E-Wallet,8.9
FD-00826,2025-06-26 07:49:00,Makkah,Member,Breakfast,American,Rice & Spice,7,203.41,14.33,219.26,24,E-Wallet,9.0
FD-00827,2025-01-05 21:08:00,Dammam,Normal,Dinner,Saudi,Taste of Jeddah,3,88.26,10.35,101.12,38,E-Wallet,8.0
FD-00828,2025-07-12 13:39:00,Jeddah,Normal,Lunch,American,Najd Kitchen,5,285.34,4.18,289.2,27,Cash,7.2
FD-00829,2025-04-27 21:08:00,Dammam,Member,Dinner,Italian,Najd Kitchen,7,198.94,5.84,204.09,46,E-Wallet,7.9
FD-00830,2025-04-07 22:34:00,Riyadh,Member,Dinner,Healthy,Burger Hub,1,30.97,12.84,43.67,33,E-Wallet,8.8
FD-00831,2025-11-09 13:23:00,Riyadh,Member,Lunch,Italian,Rice & Spice,3,87.02,10.36,102.89,54,Credit Card,7.4
FD-00832,2025-11-01 14:06:00,Riyadh,Normal,Lunch,Saudi,Burger Hub,1,26.67,5.91,32.59,32,E-Wallet,8.6
FD-00833,2025-04-03 09:23:00,Jeddah,Normal,Breakfast,Healthy,Daily Dish,7,232.14,5.18,233.58,15,Credit Card,9.5
FD-00834,2025-05-13 14:54:00,Jeddah,Normal,Lunch,Asian,Rice & Spice,5,228.63,9.19,240.61,19,Cash,8.8
FD-00835,2025-11-30 14:01:00,Dammam,Member,Lunch,Healthy,Taste of Jeddah,3,100.95,5.18,104.45,38,Cash,8.6
FD-00836,2025-09-08 17:45:00,Riyadh,Member,Snack,Healthy,Daily Dish,2,35.73,9.2,40.21,54,Credit Card,8.2
FD-00837,2025-08-04 18:03:00,Khobar,Member,Dinner,Saudi,Wok Express,1,28.58,8.23,33.42,21,E-Wallet,10.0
FD-00838,2025-12-31 22:00:00,Riyadh,Member,Dinner,Asian,Rice & Spice,5,249.59,10.94,271.56,50,Cash,7.5
FD-00839,2025-03-10 09:30:00,Jeddah,Normal,Breakfast,Asian,Family Grill,6,94.6,10.06,99.62,42,Cash,8.5
FD-00840,2025-08-29 15:17:00,Khobar,Member,Lunch,Healthy,Taste of Jeddah,5,181.37,5.07,180.28,32,Credit Card,8.0
FD-00841,2025-11-13 22:16:00,Riyadh,Member,Dinner,Asian,Rice & Spice,8,412.68,7.26,419.79,39,Credit Card,7.4
FD-00842,2025-01-10 18:26:00,Makkah,Normal,Snack,Italian,Rice & Spice,3,84.85,5.16,90.01,41,Credit Card,9.2
FD-00843,2025-06-14 13:37:00,Jeddah,Member,Lunch,Italian,Urban Bites,6,185.87,13.19,201.79,22,Credit Card,8.9
FD-00844,2025-04-04 09:14:00,Riyadh,Member,Breakfast,Saudi,Burger Hub,5,181.03,14.39,192.92,29,Credit Card,7.6
FD-00845,2025-09-16 22:42:00,Riyadh,Normal,Dinner,Italian,Family Grill,5,103.95,9.48,119.79,26,E-Wallet,8.5
FD-00846,2025-03-02 16:05:00,Jeddah,Normal,Snack,Italian,Daily Dish,6,108.08,4.68,105.1,35,E-Wallet,8.2
FD-00847,2025-10-20 18:45:00,Khobar,Member,Snack,American,Taste of Jeddah,1,22.81,9.53,29.88,24,Cash,7.2
FD-00848,2025-12-17 17:14:00,Riyadh,Normal,Snack,Saudi,Daily Dish,3,80.35,7.78,89.28,29,Credit Card,9.3
FD-00849,2025-10-21 17:13:00,Makkah,Member,Snack,Italian,Taste of Jeddah,6,120.11,15.35,132.46,50,Credit Card,9.1
FD-00850,2025-08-06 18:17:00,Riyadh,Normal,Snack,Italian,Taste of Jeddah,4,160.02,7.86,173.71,32,E-Wallet,8.7
FD-00851,2025-03-07 15:30:00,Riyadh,Normal,Lunch,Healthy,Family Grill,7,121.18,9.76,132.11,46,Cash,8.3
FD-00852,2025-10-03 18:33:00,Riyadh,Normal,Snack,Asian,Urban Bites,6,171.82,4.78,178.72,40,Credit Card,8.7
FD-00853,2025-04-06 16:19:00,Riyadh,Member,Snack,Healthy,Wok Express,2,55.34,11.99,63.47,42,Credit Card,10.0
FD-00854,2025-07-26 14:49:00,Riyadh,Normal,Lunch,American,Rice & Spice,6,179.5,11.88,195.63,52,E-Wallet,8.1
FD-00855,2025-10-21 12:46:00,Riyadh,Member,Lunch,Healthy,Burger Hub,4,54.91,9.76,65.74,38,Credit Card,9.3
FD-00856,2025-09-07 12:06:00,Riyadh,Member,Lunch,American,Daily Dish,4,206.88,13.03,223.14,29,E-Wallet,9.2
FD-00857,2025-02-20 16:52:00,Dammam,Normal,Snack,Asian,Burger Hub,7,233.71,11.95,244.52,36,Credit Card,7.3
FD-00858,2025-02-10 07:29:00,Jeddah,Member,Breakfast,Italian,Green Bowl,7,137.71,6.33,148.95,15,E-Wallet,8.8
FD-00859,2025-04-02 22:55:00,Riyadh,Member,Dinner,Healthy,Rice & Spice,4,190.5,4.33,195.83,45,E-Wallet,8.8
FD-00860,2025-08-30 16:36:00,Makkah,Member,Snack,Asian,Najd Kitchen,3,65.05,10.77,85.21,42,E-Wallet,8.2
FD-00861,2025-03-12 08:15:00,Riyadh,Member,Breakfast,Healthy,Pasta House,3,51.29,5.18,50.74,44,E-Wallet,8.4
FD-00862,2025-10-20 09:33:00,Jeddah,Member,Breakfast,Saudi,Najd Kitchen,5,88.4,5.2,94.59,40,E-Wallet,9.0
FD-00863,2025-06-17 12:02:00,Riyadh,Member,Lunch,Asian,Green Bowl,4,183.88,4.12,195.71,17,E-Wallet,9.6
FD-00864,2025-09-22 08:03:00,Khobar,Normal,Breakfast,Italian,Daily Dish,7,321.86,13.99,341.17,37,Cash,7.9
FD-00865,2025-02-17 14:34:00,Makkah,Normal,Lunch,Italian,Rice & Spice,2,110.07,13.96,130.1,34,E-Wallet,9.2
FD-00866,2025-12-29 18:53:00,Jeddah,Member,Dinner,Italian,Wok Express,2,84.02,10.85,97.45,52,Cash,7.1
FD-00867,2025-03-21 20:14:00,Makkah,Normal,Dinner,American,Burger Hub,6,253.73,14.63,263.86,38,Credit Card,9.1
FD-00868,2025-11-07 09:53:00,Jeddah,Normal,Breakfast,Asian,Urban Bites,4,71.41,11.81,84.05,32,Credit Card,9.3
FD-00869,2025-02-05 08:44:00,Makkah,Member,Breakfast,Healthy,Rice & Spice,6,106.95,5.39,109.71,27,Cash,8.5
FD-00870,2025-10-25 12:19:00,Makkah,Normal,Lunch,Saudi,Rice & Spice,8,190.65,12.69,208.45,49,Cash,7.7
FD-00871,2025-10-16 12:30:00,Khobar,Normal,Lunch,American,Najd Kitchen,4,197.56,5.79,203.41,22,Cash,8.6
FD-00872,2025-08-31 13:52:00,Dammam,Member,Lunch,Healthy,Taste of Jeddah,2,44.19,8.6,50.06,24,E-Wallet,9.6
FD-00873,2025-01-02 17:15:00,Khobar,Normal,Snack,Saudi,Urban Bites,2,41.23,13.31,62.28,25,E-Wallet,9.3
FD-00874,2025-01-03 20:32:00,Makkah,Member,Dinner,Healthy,Pasta House,2,66.47,7.28,65.89,40,Cash,7.7
FD-00875,2025-01-30 20:32:00,Khobar,Member,Dinner,Asian,Najd Kitchen,2,83.25,3.69,86.84,42,E-Wallet,7.7
FD-00876,2025-02-07 08:53:00,Riyadh,Member,Breakfast,Saudi,Burger Hub,4,58.85,11.61,74.2,39,E-Wallet,9.4
FD-00877,2025-07-04 15:16:00,Riyadh,Member,Lunch,Healthy,Urban Bites,6,177.87,13.94,187.87,65,Credit Card,6.5
FD-00878,2025-08-11 16:38:00,Jeddah,Normal,Snack,Saudi,Rice & Spice,2,75.47,13.96,91.35,31,Cash,9.2
FD-00879,2025-01-28 21:58:00,Riyadh,Normal,Dinner,American,Rice & Spice,4,182.38,10.34,194.08,44,Credit Card,8.2
FD-00880,2025-09-18 12:10:00,Khobar,Member,Lunch,Saudi,Urban Bites,3,120.67,10.57,134.54,30,Credit Card,8.7
FD-00881,2025-02-09 22:11:00,Dammam,Member,Dinner,Saudi,Burger Hub,1,36.07,13.14,38.18,40,E-Wallet,7.5
FD-00882,2025-07-17 13:31:00,Jeddah,Member,Lunch,Saudi,Burger Hub,7,144.89,5.67,146.42,22,Cash,9.6
FD-00883,2025-02-09 12:55:00,Khobar,Normal,Lunch,Asian,Pasta House,4,122.82,9.51,137.59,33,Credit Card,8.2
FD-00884,2025-04-10 10:26:00,Makkah,Member,Breakfast,Asian,Najd Kitchen,4,118.62,4.71,119.13,22,Cash,9.3
FD-00885,2025-04-24 07:35:00,Jeddah,Member,Breakfast,Saudi,Family Grill,3,108.94,11.47,117.27,39,E-Wallet,8.1
FD-00886,2025-08-01 21:51:00,Dammam,Member,Dinner,American,Pasta House,3,62.68,4.84,68.82,39,E-Wallet,8.7
FD-00887,2025-03-23 15:34:00,Riyadh,Member,Lunch,Asian,Green Bowl,5,135.17,9.67,148.03,32,Cash,7.8
FD-00888,2025-11-15 13:01:00,Dammam,Normal,Lunch,Italian,Taste of Jeddah,6,171.2,12.68,190.55,25,Credit Card,7.8
FD-00889,2025-10-19 14:04:00,Dammam,Member,Lunch,Healthy,Daily Dish,4,70.79,7.32,83.09,44,Credit Card,8.0
FD-00890,2025-12-21 19:25:00,Jeddah,Normal,Dinner,American,Najd Kitchen,6,222.6,14.94,233.7,35,Credit Card,8.4
FD-00891,2025-06-07 18:43:00,Makkah,Normal,Dinner,Italian,Family Grill,3,101.06,12.79,113.7,41,Credit Card,8.5
FD-00892,2025-12-10 12:13:00,Dammam,Member,Lunch,Healthy,Urban Bites,5,73.7,7.19,71.97,31,Credit Card,9.6
FD-00893,2025-03-25 22:54:00,Jeddah,Member,Dinner,Italian,Green Bowl,5,108.03,10.02,123.13,34,Cash,8.9
FD-00894,2025-04-05 22:00:00,Khobar,Member,Dinner,American,Rice & Spice,1,48.3,8.77,56.48,40,Cash,7.9
FD-00895,2025-03-05 18:01:00,Khobar,Member,Snack,Saudi,Wok Express,8,154.14,6.3,164.1,25,Cash,8.6
FD-00896,2025-01-08 12:55:00,Dammam,Member,Lunch,Healthy,Urban Bites,1,27.79,6.4,31.05,34,E-Wallet,8.6
FD-00897,2025-05-10 16:02:00,Riyadh,Member,Snack,American,Urban Bites,4,60.29,5.31,70.64,51,Credit Card,8.2
FD-00898,2025-08-03 21:18:00,Makkah,Normal,Dinner,Asian,Wok Express,5,184.52,12.22,194.09,24,E-Wallet,9.3
FD-00899,2025-05-27 14:52:00,Makkah,Member,Lunch,Italian,Najd Kitchen,7,201.5,10.08,212.79,41,Cash,8.7
FD-00900,2025-11-27 18:59:00,Khobar,Member,Snack,Healthy,Najd Kitchen,2,34.07,10.0,51.28,43,Credit Card,8.4
FD-00901,2025-10-03 08:55:00,Jeddah,Normal,Breakfast,Asian,Najd Kitchen,6,88.4,12.88,95.27,37,E-Wallet,8.1
FD-00902,2025-09-24 19:30:00,Riyadh,Member,Dinner,Healthy,Taste of Jeddah,8,293.29,8.92,294.39,42,E-Wallet,8.1
FD-00903,2025-08-07 08:23:00,Riyadh,Member,Breakfast,Asian,Wok Express,2,63.05,8.29,79.74,30,Credit Card,8.8
FD-00904,2025-05-08 21:10:00,Dammam,Member,Dinner,Healthy,Rice & Spice,1,24.37,8.44,37.1,32,Cash,9.2
FD-00905,2025-07-20 14:31:00,Khobar,Normal,Lunch,Healthy,Green Bowl,1,25.31,9.29,36.16,31,Credit Card,9.2
FD-00906,2025-02-22 20:46:00,Dammam,Member,Dinner,Italian,Daily Dish,8,321.68,9.08,330.22,44,E-Wallet,9.6
FD-00907,2025-06-03 12:58:00,Makkah,Normal,Lunch,Healthy,Burger Hub,5,179.45,14.3,189.49,26,Cash,9.7
FD-00908,2025-07-25 15:32:00,Riyadh,Normal,Lunch,American,Taste of Jeddah,4,195.55,12.13,206.56,41,E-Wallet,8.0
FD-00909,2025-07-05 07:55:00,Jeddah,Member,Breakfast,American,Pasta House,8,176.93,7.69,187.1,66,E-Wallet,7.2
FD-00910,2025-02-12 18:34:00,Riyadh,Member,Dinner,Asian,Rice & Spice,8,414.59,13.55,427.38,38,E-Wallet,7.8
FD-00911,2025-08-06 09:39:00,Dammam,Member,Breakfast,American,Taste of Jeddah,7,231.68,11.32,240.09,37,Credit Card,7.9
FD-00912,2025-08-16 10:57:00,Khobar,Normal,Breakfast,Healthy,Taste of Jeddah,3,47.72,5.8,55.46,18,Credit Card,10.0
FD-00913,2025-08-27 12:21:00,Riyadh,Normal,Lunch,Healthy,Green Bowl,4,119.47,6.91,127.41,33,Credit Card,8.0
FD-00914,2025-12-21 18:26:00,Khobar,Normal,Snack,Saudi,Daily Dish,7,151.81,6.04,159.83,47,E-Wallet,7.8
FD-00915,2025-06-21 12:22:00,Riyadh,Member,Lunch,American,Taste of Jeddah,8,304.09,6.5,311.76,45,E-Wallet,8.5
FD-00916,2025-10-09 15:37:00,Jeddah,Normal,Lunch,Healthy,Urban Bites,8,317.19,6.46,326.82,34,Credit Card,9.6
FD-00917,2025-09-23 09:15:00,Khobar,Member,Breakfast,Italian,Najd Kitchen,1,41.36,11.52,57.12,42,Cash,7.7
FD-00918,2025-07-27 18:22:00,Jeddah,Member,Snack,American,Wok Express,7,197.69,4.56,205.92,29,E-Wallet,8.4
FD-00919,2025-07-18 17:38:00,Riyadh,Member,Snack,American,Burger Hub,5,95.33,4.47,103.9,54,E-Wallet,8.4
FD-00920,2025-12-09 20:39:00,Khobar,Member,Dinner,American,Wok Express,8,334.6,6.89,342.79,42,Cash,7.6
FD-00921,2025-02-25 14:29:00,Makkah,Member,Lunch,Italian,Family Grill,4,178.09,15.4,194.2,24,Credit Card,10.0
FD-00922,2025-09-17 14:30:00,Makkah,Member,Lunch,Asian,Family Grill,1,20.67,15.53,33.24,46,E-Wallet,7.0
FD-00923,2025-04-03 14:47:00,Riyadh,Member,Lunch,Italian,Taste of Jeddah,4,104.36,6.71,110.06,27,E-Wallet,9.7
FD-00924,2025-10-12 22:06:00,Jeddah,Member,Dinner,Healthy,Family Grill,6,239.26,7.55,248.73,19,E-Wallet,7.8
FD-00925,2025-03-25 17:12:00,Riyadh,Member,Snack,Asian,Family Grill,4,49.48,13.85,57.21,29,E-Wallet,9.5
FD-00926,2025-08-17 15:14:00,Riyadh,Normal,Lunch,Italian,Daily Dish,1,29.54,11.67,40.75,35,Cash,8.6
FD-00927,2025-04-24 17:44:00,Riyadh,Member,Snack,American,Urban Bites,8,309.48,14.04,322.64,51,Credit Card,7.8
FD-00928,2025-12-22 20:04:00,Dammam,Member,Dinner,Saudi,Burger Hub,2,37.3,4.58,43.35,25,E-Wallet,9.3
FD-00929,2025-07-05 16:29:00,Jeddah,Member,Snack,Healthy,Rice & Spice,6,202.71,14.22,218.66,22,E-Wallet,8.9
FD-00930,2025-01-01 08:10:00,Jeddah,Member,Breakfast,Italian,Urban Bites,5,184.67,10.89,189.79,43,E-Wallet,9.2
FD-00931,2025-02-01 12:31:00,Khobar,Member,Lunch,Asian,Najd Kitchen,2,52.05,10.28,58.42,39,Cash,6.6
FD-00932,2025-03-10 21:37:00,Riyadh,Member,Dinner,Saudi,Urban Bites,2,98.03,9.95,107.37,31,E-Wallet,9.6
FD-00933,2025-11-09 19:54:00,Khobar,Member,Dinner,American,Wok Express,5,218.57,10.48,225.93,50,Credit Card,8.2
FD-00934,2025-09-02 10:53:00,Dammam,Member,Breakfast,American,Wok Express,1,31.02,4.04,28.36,48,Cash,8.5
FD-00935,2025-01-15 10:35:00,Makkah,Normal,Breakfast,Asian,Family Grill,7,282.17,8.2,280.66,37,Credit Card,8.6
FD-00936,2025-12-09 08:13:00,Dammam,Normal,Breakfast,Asian,Wok Express,6,171.76,9.59,176.03,35,Credit Card,8.4
FD-00937,2025-07-28 12:46:00,Riyadh,Member,Lunch,Healthy,Taste of Jeddah,8,135.69,13.43,148.81,37,Cash,7.1
FD-00938,2025-10-03 09:50:00,Riyadh,Member,Breakfast,Healthy,Wok Express,1,11.45,5.65,20.96,35,Cash,8.9
FD-00939,2025-05-03 12:44:00,Makkah,Normal,Lunch,Asian,Najd Kitchen,4,95.03,7.36,102.89,33,Cash,7.9
FD-00940,2025-07-25 09:26:00,Khobar,Member,Breakfast,American,Daily Dish,5,171.63,3.56,167.86,34,Credit Card,8.7
FD-00941,2025-01-17 18:29:00,Dammam,Member,Dinner,Saudi,Green Bowl,2,95.69,12.2,102.95,24,Credit Card,8.8
FD-00942,2025-09-19 19:41:00,Riyadh,Normal,Dinner,Asian,Taste of Jeddah,8,297.31,10.56,309.62,43,Cash,7.3
FD-00943,2025-03-29 19:53:00,Riyadh,Member,Dinner,American,Wok Express,8,450.78,13.66,465.12,39,Credit Card,9.7
FD-00944,2025-05-30 20:26:00,Khobar,Member,Dinner,Saudi,Najd Kitchen,4,75.52,6.23,84.82,22,Credit Card,9.2
FD-00945,2025-04-25 08:53:00,Khobar,Member,Breakfast,Italian,Burger Hub,3,63.21,10.99,70.53,23,E-Wallet,9.4
FD-00946,2025-08-19 19:02:00,Jeddah,Normal,Dinner,Asian,Family Grill,8,287.56,7.25,297.64,42,E-Wallet,7.7
FD-00947,2025-05-09 20:54:00,Jeddah,Member,Dinner,American,Urban Bites,5,158.65,4.92,156.58,25,Credit Card,9.2
FD-00948,2025-08-07 18:20:00,Riyadh,Member,Dinner,American,Rice & Spice,6,214.26,4.7,219.74,39,Cash,7.9
FD-00949,2025-11-12 15:46:00,Khobar,Member,Lunch,Italian,Urban Bites,6,107.2,6.68,116.16,41,Credit Card,8.6
FD-00950,2025-02-08 18:56:00,Riyadh,Member,Dinner,Healthy,Najd Kitchen,3,93.67,5.38,99.24,44,Credit Card,8.3
FD-00951,2025-07-30 13:10:00,Riyadh,Normal,Lunch,Asian,Urban Bites,2,32.06,5.59,30.86,44,E-Wallet,8.8
FD-00952,2025-12-30 21:53:00,Makkah,Member,Dinner,American,Rice & Spice,4,165.16,15.4,184.65,45,E-Wallet,8.8
FD-00953,2025-01-28 21:51:00,Jeddah,Normal,Dinner,Saudi,Taste of Jeddah,1,29.37,12.2,37.69,41,E-Wallet,7.9
FD-00954,2025-12-09 08:28:00,Jeddah,Member,Breakfast,Saudi,Rice & Spice,1,31.47,11.58,39.21,38,Cash,8.0
FD-00955,2025-02-15 17:15:00,Riyadh,Member,Snack,Asian,Daily Dish,4,128.87,12.33,142.73,38,Credit Card,9.1
FD-00956,2025-09-28 17:42:00,Jeddah,Normal,Snack,American,Pasta House,5,216.6,14.01,240.07,26,E-Wallet,8.6
FD-00957,2025-08-16 18:23:00,Riyadh,Member,Snack,Asian,Wok Express,7,211.35,13.86,227.61,42,Cash,9.5
FD-00958,2025-01-07 12:15:00,Makkah,Member,Lunch,American,Wok Express,1,29.25,14.91,45.37,39,Credit Card,8.2
FD-00959,2025-07-21 21:39:00,Makkah,Member,Dinner,Italian,Pasta House,5,229.58,15.44,240.87,32,Credit Card,9.4
FD-00960,2025-05-09 14:37:00,Dammam,Normal,Lunch,Saudi,Burger Hub,5,209.61,5.54,217.95,46,E-Wallet,9.1
FD-00961,2025-12-28 08:06:00,Makkah,Member,Breakfast,American,Pasta House,5,210.81,6.71,220.17,44,Credit Card,7.8
FD-00962,2025-08-01 18:52:00,Jeddah,Member,Dinner,Saudi,Rice & Spice,4,132.89,11.86,140.9,39,Credit Card,9.1
FD-00963,2025-01-24 10:26:00,Khobar,Member,Breakfast,American,Rice & Spice,4,151.62,13.71,169.95,31,E-Wallet,9.9
FD-00964,2025-10-04 18:13:00,Dammam,Normal,Dinner,American,Pasta House,7,310.45,4.56,315.19,40,Credit Card,7.5
FD-00965,2025-04-01 12:44:00,Riyadh,Normal,Lunch,Asian,Taste of Jeddah,1,19.71,12.31,38.93,33,Credit Card,7.8
FD-00966,2025-03-02 22:16:00,Riyadh,Member,Dinner,Asian,Urban Bites,4,107.91,12.11,130.74,37,Credit Card,7.9
FD-00967,2025-12-22 13:10:00,Makkah,Member,Lunch,American,Pasta House,5,231.58,11.53,249.5,53,E-Wallet,7.3
FD-00968,2025-10-05 18:28:00,Dammam,Member,Dinner,Healthy,Burger Hub,8,195.77,8.66,199.87,50,Cash,7.8
FD-00969,2025-02-03 19:02:00,Riyadh,Member,Dinner,Italian,Burger Hub,5,164.11,7.55,168.36,41,Cash,8.5
FD-00970,2025-09-10 07:49:00,Khobar,Normal,Breakfast,American,Pasta House,3,70.19,5.8,76.48,41,E-Wallet,8.2
FD-00971,2025-12-18 14:27:00,Makkah,Normal,Lunch,Italian,Taste of Jeddah,7,260.52,4.81,262.67,36,Credit Card,8.1
FD-00972,2025-12-20 09:44:00,Dammam,Normal,Breakfast,Healthy,Najd Kitchen,6,235.48,12.24,243.01,36,E-Wallet,8.9
FD-00973,2025-02-13 12:56:00,Khobar,Member,Lunch,Asian,Taste of Jeddah,1,22.13,9.13,34.98,35,Cash,7.9
FD-00974,2025-07-21 18:59:00,Jeddah,Member,Snack,Asian,Urban Bites,2,71.16,6.13,72.43,30,Cash,9.0
FD-00975,2025-05-12 19:46:00,Khobar,Member,Dinner,Saudi,Family Grill,8,407.56,4.62,418.89,50,Credit Card,8.7
FD-00976,2025-07-13 12:59:00,Jeddah,Normal,Lunch,American,Green Bowl,6,125.41,14.87,143.99,35,E-Wallet,9.3
FD-00977,2025-01-31 19:18:00,Riyadh,Member,Dinner,Healthy,Najd Kitchen,4,163.53,13.39,174.59,42,E-Wallet,8.2
FD-00978,2025-04-12 15:28:00,Makkah,Normal,Lunch,American,Daily Dish,7,166.92,13.03,184.98,36,Credit Card,8.6
FD-00979,2025-07-08 07:59:00,Jeddah,Normal,Breakfast,Healthy,Najd Kitchen,2,82.41,4.21,77.77,35,Cash,8.6
FD-00980,2025-06-22 08:19:00,Dammam,Normal,Breakfast,Healthy,Green Bowl,8,126.8,9.49,140.14,28,Credit Card,8.6
FD-00981,2025-10-29 21:56:00,Riyadh,Member,Dinner,Saudi,Taste of Jeddah,7,142.13,14.17,159.75,29,Credit Card,8.5
FD-00982,2025-02-21 09:55:00,Riyadh,Normal,Breakfast,Asian,Daily Dish,1,40.68,4.34,41.06,39,E-Wallet,8.6
FD-00983,2025-03-07 13:16:00,Riyadh,Member,Lunch,Healthy,Rice & Spice,4,117.67,12.91,126.57,50,E-Wallet,7.7
FD-00984,2025-04-02 20:36:00,Khobar,Normal,Dinner,Italian,Family Grill,7,184.08,11.49,197.04,50,Cash,7.2
FD-00985,2025-03-13 14:08:00,Jeddah,Member,Lunch,Asian,Rice & Spice,6,299.24,5.0,306.47,34,Credit Card,8.0
FD-00986,2025-09-14 10:49:00,Makkah,Member,Breakfast,Saudi,Urban Bites,6,220.31,14.01,229.87,31,Credit Card,8.2
FD-00987,2025-11-20 13:39:00,Riyadh,Member,Lunch,American,Green Bowl,2,98.97,14.3,115.85,44,E-Wallet,7.1
FD-00988,2025-07-25 17:50:00,Riyadh,Normal,Snack,American,Wok Express,8,233.83,9.42,243.61,46,Credit Card,8.0
FD-00989,2025-02-27 16:45:00,Riyadh,Member,Snack,Asian,Green Bowl,8,167.64,13.14,186.0,36,Cash,8.3
FD-00990,2025-01-26 21:40:00,Jeddah,Normal,Dinner,Asian,Pasta House,2,35.27,10.47,47.11,36,E-Wallet,7.8
FD-00991,2025-11-06 09:46:00,Riyadh,Member,Breakfast,Saudi,Family Grill,5,108.51,12.5,111.78,28,E-Wallet,9.0
FD-00992,2025-10-02 12:17:00,Makkah,Normal,Lunch,American,Taste of Jeddah,7,265.57,11.9,274.99,29,Credit Card,9.5
FD-00993,2025-10-16 15:33:00,Khobar,Member,Lunch,American,Urban Bites,8,316.65,4.7,329.78,26,Cash,9.4
FD-00994,2025-11-14 18:30:00,Khobar,Normal,Snack,Healthy,Daily Dish,1,17.26,11.13,25.24,35,E-Wallet,8.7
FD-00995,2025-07-15 12:32:00,Khobar,Normal,Lunch,American,Wok Express,2,41.69,13.95,50.4,32,E-Wallet,9.1
FD-00996,2025-01-09 12:46:00,Riyadh,Member,Lunch,Italian,Rice & Spice,1,43.25,4.51,46.9,34,Cash,9.0
FD-00997,2025-02-09 22:52:00,Riyadh,Member,Dinner,Saudi,Urban Bites,2,65.06,8.44,67.92,43,Cash,8.9
FD-00998,2025-04-21 19:23:00,Dammam,Normal,Dinner,Saudi,Pasta House,6,245.03,8.23,250.72,42,Cash,8.8
FD-00999,2025-10-20 20:45:00,Riyadh,Normal,Dinner,Italian,Taste of Jeddah,2,92.42,8.51,105.16,37,E-Wallet,8.8
FD-01000,2025-01-23 15:20:00,Dammam,Member,Lunch,Italian,Family Grill,8,164.98,14.96,181.72,44,E-Wallet,8.3
FD-01001,2025-08-31 21:28:00,Riyadh,Member,Dinner,Healthy,Urban Bites,2,45.68,9.84,46.05,47,E-Wallet,7.7
FD-01002,2025-09-27 15:55:00,Jeddah,Normal,Lunch,Saudi,Daily Dish,6,244.55,4.1,251.36,26,Credit Card,7.5
FD-01003,2025-03-28 07:18:00,Makkah,Normal,Breakfast,Asian,Najd Kitchen,1,41.36,6.0,51.08,35,Credit Card,9.5
FD-01004,2025-05-08 16:36:00,Dammam,Normal,Snack,Saudi,Najd Kitchen,7,164.79,13.93,178.7,25,E-Wallet,9.2
FD-01005,2025-06-03 17:14:00,Jeddah,Member,Snack,Healthy,Najd Kitchen,2,60.86,10.9,70.05,24,Credit Card,9.7
FD-01006,2025-04-18 14:53:00,Jeddah,Member,Lunch,Asian,Wok Express,8,272.61,14.52,284.25,37,Cash,8.6
FD-01007,2025-08-23 13:08:00,Khobar,Normal,Lunch,Healthy,Najd Kitchen,7,254.02,12.08,266.1,15,Cash,9.7
FD-01008,2025-04-01 16:49:00,Riyadh,Member,Snack,Asian,Taste of Jeddah,2,44.63,7.83,60.39,22,E-Wallet,8.7
FD-01009,2025-12-25 07:04:00,Riyadh,Member,Breakfast,Italian,Pasta House,3,98.03,5.78,99.72,37,Credit Card,9.2
FD-01010,2025-07-27 21:07:00,Jeddah,Normal,Dinner,Asian,Taste of Jeddah,6,134.99,13.64,151.65,31,Credit Card,8.5
FD-01011,2025-06-12 10:07:00,Jeddah,Normal,Breakfast,Saudi,Green Bowl,6,173.1,4.14,173.58,39,E-Wallet,9.1
FD-01012,2025-05-10 20:38:00,Riyadh,Member,Dinner,Saudi,Urban Bites,7,293.93,11.04,301.07,22,Cash,9.0
FD-01013,2025-12-10 13:54:00,Riyadh,Normal,Lunch,Healthy,Najd Kitchen,6,269.03,8.81,278.96,40,E-Wallet,7.9
FD-01014,2025-01-05 21:03:00,Riyadh,Normal,Dinner,Italian,Daily Dish,5,163.92,13.92,184.78,44,E-Wallet,8.5
FD-01015,2025-01-03 14:18:00,Jeddah,Normal,Lunch,Italian,Pasta House,5,181.71,10.0,192.3,35,Cash,8.5
FD-01016,2025-01-18 13:58:00,Khobar,Member,Lunch,American,Daily Dish,7,207.39,10.82,219.05,35,Credit Card,9.1
FD-01017,2025-09-16 16:43:00,Jeddah,Normal,Snack,Italian,Wok Express,1,16.51,13.59,36.59,37,E-Wallet,7.9
FD-01018,2025-06-21 12:54:00,Jeddah,Member,Lunch,Saudi,Burger Hub,3,72.46,10.01,84.03,33,E-Wallet,10.0
FD-01019,2025-03-31 08:11:00,Makkah,Normal,Breakfast,Asian,Family Grill,5,101.11,10.47,111.34,32,Cash,8.5
FD-01020,2025-04-09 09:31:00,Khobar,Member,Breakfast,Healthy,Urban Bites,1,31.3,11.87,47.77,29,Credit Card,7.9
FD-01021,2025-05-11 18:06:00,Riyadh,Member,Dinner,Asian,Daily Dish,3,103.62,5.0,105.76,40,E-Wallet,8.6
FD-01022,2025-03-23 07:47:00,Khobar,Member,Breakfast,American,Pasta House,5,140.62,9.21,157.7,51,Credit Card,7.3
FD-01023,2025-08-05 19:02:00,Makkah,Normal,Dinner,Asian,Taste of Jeddah,7,355.37,9.17,361.35,38,Credit Card,9.2
FD-01024,2025-01-03 14:07:00,Dammam,Member,Lunch,American,Taste of Jeddah,3,138.78,4.65,139.21,28,Credit Card,8.5
FD-01025,2025-05-30 16:55:00,Khobar,Normal,Snack,Saudi,Pasta House,5,173.79,10.75,180.86,35,Cash,9.0
FD-01026,2025-02-07 22:35:00,Jeddah,Normal,Dinner,American,Taste of Jeddah,8,399.03,13.11,408.03,33,Credit Card,8.0
FD-01027,2025-09-22 19:33:00,Khobar,Normal,Dinner,Asian,Daily Dish,1,32.17,13.67,45.17,38,E-Wallet,8.9
FD-01028,2025-10-18 17:18:00,Khobar,Member,Snack,Asian,Wok Express,4,61.99,10.79,77.28,27,E-Wallet,8.1
FD-01029,2025-01-08 16:16:00,Jeddah,Member,Snack,Italian,Najd Kitchen,5,170.14,6.14,177.95,40,Cash,8.4
FD-01030,2025-01-06 09:53:00,Dammam,Member,Breakfast,Healthy,Green Bowl,2,34.98,4.3,42.13,34,E-Wallet,8.9
FD-01031,2025-05-21 07:48:00,Riyadh,Normal,Breakfast,Healthy,Pasta House,7,228.56,11.27,230.02,33,Cash,8.0
FD-01032,2025-09-04 13:45:00,Riyadh,Normal,Lunch,Saudi,Family Grill,5,78.61,9.98,86.32,28,Credit Card,9.1
FD-01033,2025-06-01 15:49:00,Riyadh,Member,Lunch,Healthy,Burger Hub,8,232.2,12.49,239.82,19,E-Wallet,9.0
FD-01034,2025-02-11 22:59:00,Makkah,Member,Dinner,Healthy,Daily Dish,5,81.51,11.1,93.04,42,E-Wallet,9.4
FD-01035,2025-03-25 21:07:00,Makkah,Normal,Dinner,Healthy,Urban Bites,1,49.74,12.67,60.09,49,Cash,8.1
FD-01036,2025-03-05 22:41:00,Dammam,Member,Dinner,Healthy,Daily Dish,4,99.92,9.69,102.6,22,E-Wallet,9.0
FD-01037,2025-12-15 08:00:00,Makkah,Member,Breakfast,Italian,Daily Dish,5,78.25,12.14,87.36,28,Cash,8.9
FD-01038,2025-09-01 18:15:00,Dammam,Normal,Dinner,Asian,Taste of Jeddah,8,194.91,6.77,208.89,40,E-Wallet,8.2
FD-01039,2025-04-27 20:17:00,Riyadh,Normal,Dinner,Healthy,Taste of Jeddah,3,144.04,4.35,143.0,39,Cash,8.4
FD-01040,2025-11-09 09:33:00,Khobar,Normal,Breakfast,Saudi,Daily Dish,2,54.4,6.5,54.79,19,E-Wallet,9.7
FD-01041,2025-11-17 19:59:00,Makkah,Normal,Dinner,Saudi,Najd Kitchen,4,71.43,7.13,75.53,40,E-Wallet,7.1
FD-01042,2025-03-19 15:42:00,Khobar,Member,Lunch,Healthy,Daily Dish,2,73.42,7.05,84.6,35,Cash,8.8
FD-01043,2025-11-08 14:11:00,Riyadh,Normal,Lunch,Asian,Burger Hub,7,297.3,6.93,302.74,26,E-Wallet,8.6
FD-01044,2025-04-09 18:14:00,Makkah,Normal,Snack,Asian,Wok Express,8,317.83,10.27,325.9,24,Cash,9.8
FD-01045,2025-10-10 13:20:00,Jeddah,Member,Lunch,Italian,Taste of Jeddah,6,311.53,13.37,327.95,35,Cash,7.6
FD-01046,2025-02-28 22:10:00,Makkah,Member,Dinner,Italian,Pasta House,2,37.75,6.76,43.1,47,Credit Card,8.3
FD-01047,2025-12-17 12:47:00,Dammam,Member,Lunch,Italian,Pasta House,8,260.33,9.96,277.9,33,Credit Card,8.7
FD-01048,2025-04-12 14:33:00,Makkah,Normal,Lunch,Saudi,Taste of Jeddah,6,266.95,8.59,277.52,57,Credit Card,7.7
FD-01049,2025-01-05 21:26:00,Jeddah,Member,Dinner,Healthy,Urban Bites,7,245.42,7.41,248.42,17,Credit Card,10.0
FD-01050,2025-07-19 19:57:00,Makkah,Normal,Dinner,Asian,Family Grill,8,219.3,6.36,221.52,45,E-Wallet,8.4
FD-01051,2025-08-04 13:15:00,Jeddah,Normal,Lunch,American,Wok Express,4,124.8,7.68,123.39,33,Cash,8.2
FD-01052,2025-03-27 21:04:00,Riyadh,Member,Dinner,Saudi,Pasta House,4,174.68,6.4,183.28,55,Credit Card,8.8
FD-01053,2025-04-10 12:41:00,Dammam,Member,Lunch,American,Taste of Jeddah,4,126.75,6.61,132.82,42,E-Wallet,7.9
FD-01054,2025-05-22 17:22:00,Jeddah,Normal,Snack,Saudi,Urban Bites,2,47.92,13.48,66.18,25,Credit Card,8.3
FD-01055,2025-06-13 18:57:00,Riyadh,Member,Snack,Asian,Najd Kitchen,4,85.06,5.01,86.78,53,Credit Card,6.4
FD-01056,2025-07-13 13:15:00,Makkah,Member,Lunch,Saudi,Taste of Jeddah,8,389.25,8.38,397.19,36,Cash,8.4
FD-01057,2025-04-25 20:40:00,Jeddah,Member,Dinner,Saudi,Daily Dish,4,150.97,8.46,162.44,20,Credit Card,8.9
FD-01058,2025-09-02 15:01:00,Jeddah,Member,Lunch,American,Rice & Spice,7,333.94,14.41,342.72,29,E-Wallet,8.2
FD-01059,2025-09-07 21:57:00,Dammam,Member,Dinner,American,Burger Hub,4,160.64,7.92,173.1,28,E-Wallet,8.2
FD-01060,2025-12-22 13:32:00,Khobar,Member,Lunch,Healthy,Burger Hub,8,129.36,8.34,135.46,42,E-Wallet,7.8
FD-01061,2025-09-03 16:49:00,Riyadh,Member,Snack,American,Rice & Spice,1,27.58,11.99,35.15,43,E-Wallet,8.8
FD-01062,2025-02-08 18:12:00,Riyadh,Member,Dinner,Italian,Family Grill,6,249.93,14.75,266.73,47,E-Wallet,7.6
FD-01063,2025-04-17 16:25:00,Riyadh,Normal,Snack,American,Taste of Jeddah,7,298.7,14.63,317.38,41,Credit Card,8.4
FD-01064,2025-03-04 17:08:00,Makkah,Member,Snack,Saudi,Green Bowl,3,99.05,11.09,109.39,35,Credit Card,9.1
FD-01065,2025-04-11 20:33:00,Jeddah,Normal,Dinner,Healthy,Rice & Spice,6,122.79,6.48,126.33,35,Credit Card,8.4
FD-01066,2025-03-06 14:37:00,Riyadh,Normal,Lunch,Asian,Green Bowl,1,28.74,8.3,35.01,31,Credit Card,9.4
FD-01067,2025-10-16 13:53:00,Riyadh,Member,Lunch,Healthy,Daily Dish,2,91.07,10.7,94.62,42,E-Wallet,8.2
FD-01068,2025-05-10 17:13:00,Jeddah,Normal,Snack,American,Rice & Spice,1,29.3,9.42,46.06,52,E-Wallet,7.0
FD-01069,2025-07-18 13:36:00,Riyadh,Member,Lunch,Asian,Pasta House,3,47.06,10.35,56.97,34,E-Wallet,8.8
FD-01070,2025-08-15 19:16:00,Riyadh,Member,Dinner,Healthy,Najd Kitchen,5,139.85,13.08,151.44,56,E-Wallet,7.5
FD-01071,2025-05-25 22:59:00,Riyadh,Member,Dinner,Asian,Green Bowl,3,160.32,12.33,172.38,23,Credit Card,8.8
FD-01072,2025-07-13 13:50:00,Dammam,Member,Lunch,Saudi,Daily Dish,1,18.42,8.77,27.91,33,Credit Card,9.1
FD-01073,2025-04-23 18:53:00,Dammam,Member,Dinner,Asian,Taste of Jeddah,5,181.38,9.26,190.26,31,E-Wallet,9.6
FD-01074,2025-01-27 13:20:00,Khobar,Member,Lunch,Healthy,Najd Kitchen,2,43.85,12.08,61.32,30,E-Wallet,9.3
FD-01075,2025-02-15 16:05:00,Riyadh,Normal,Snack,Italian,Wok Express,2,66.0,9.34,69.18,35,Cash,9.4
FD-01076,2025-07-26 18:09:00,Jeddah,Member,Snack,American,Pasta House,4,152.53,10.52,163.32,28,E-Wallet,9.0
FD-01077,2025-11-19 10:41:00,Khobar,Normal,Breakfast,Asian,Family Grill,7,211.46,8.32,222.51,34,Credit Card,8.5
FD-01078,2025-09-30 18:32:00,Jeddah,Normal,Dinner,Saudi,Daily Dish,6,181.01,7.91,191.69,30,E-Wallet,9.0
FD-01079,2025-04-09 14:56:00,Dammam,Member,Lunch,Italian,Pasta House,3,70.34,4.1,73.63,29,Credit Card,7.5
FD-01080,2025-03-02 16:57:00,Makkah,Normal,Snack,Italian,Burger Hub,2,68.99,6.95,81.24,24,Cash,9.5
FD-01081,2025-08-13 21:04:00,Riyadh,Member,Dinner,American,Urban Bites,2,40.22,7.34,46.08,27,Credit Card,7.5
FD-01082,2025-10-03 19:17:00,Riyadh,Member,Dinner,Italian,Rice & Spice,1,37.33,10.25,52.36,31,Cash,8.8
FD-01083,2025-02-12 14:38:00,Riyadh,Normal,Lunch,Italian,Burger Hub,3,50.32,13.48,66.35,50,Cash,8.4
FD-01084,2025-03-27 21:23:00,Jeddah,Member,Dinner,Italian,Green Bowl,7,227.03,14.75,246.13,57,E-Wallet,7.4
FD-01085,2025-02-03 20:14:00,Khobar,Member,Dinner,American,Pasta House,8,170.13,12.53,179.37,38,E-Wallet,8.3
FD-01086,2025-03-14 15:49:00,Khobar,Normal,Lunch,American,Wok Express,5,244.54,14.39,266.09,22,Cash,8.5
FD-01087,2025-10-30 15:51:00,Riyadh,Normal,Lunch,American,Urban Bites,1,49.98,7.51,58.39,19,E-Wallet,9.4
FD-01088,2025-11-15 20:07:00,Riyadh,Member,Dinner,Healthy,Taste of Jeddah,1,24.0,5.52,37.52,38,Cash,8.9
FD-01089,2025-09-02 22:20:00,Riyadh,Member,Dinner,American,Najd Kitchen,3,121.59,9.38,131.38,30,E-Wallet,8.5
FD-01090,2025-08-08 08:01:00,Makkah,Normal,Breakfast,American,Green Bowl,3,117.2,12.15,132.58,28,E-Wallet,9.3
FD-01091,2025-11-20 09:50:00,Dammam,Member,Breakfast,Saudi,Urban Bites,6,196.45,14.95,208.2,38,Credit Card,8.0
FD-01092,2025-09-08 17:32:00,Jeddah,Member,Snack,Asian,Urban Bites,3,38.62,14.9,46.34,21,Cash,9.4
FD-01093,2025-05-02 09:39:00,Riyadh,Normal,Breakfast,Saudi,Rice & Spice,7,220.4,13.23,234.63,49,Credit Card,7.6
FD-01094,2025-03-09 22:03:00,Riyadh,Normal,Dinner,Healthy,Green Bowl,2,47.87,4.25,50.6,24,Credit Card,9.3
FD-01095,2025-07-17 21:02:00,Riyadh,Member,Dinner,Healthy,Daily Dish,3,72.9,7.15,80.54,36,Credit Card,8.0
FD-01096,2025-09-27 18:32:00,Dammam,Normal,Dinner,Healthy,Najd Kitchen,1,33.92,5.13,30.78,46,E-Wallet,8.9
FD-01097,2025-07-09 16:53:00,Khobar,Normal,Snack,Saudi,Daily Dish,2,52.56,3.82,57.86,40,Credit Card,8.9
FD-01098,2025-01-31 18:31:00,Khobar,Member,Snack,American,Rice & Spice,7,196.02,7.2,201.89,39,Credit Card,8.2
FD-01099,2025-02-17 21:53:00,Jeddah,Member,Dinner,Healthy,Family Grill,8,243.64,7.12,259.6,19,E-Wallet,9.3
FD-01100,2025-04-30 21:02:00,Dammam,Member,Dinner,Italian,Najd Kitchen,1,24.83,5.11,31.02,40,Credit Card,8.1
FD-01101,2025-06-16 10:28:00,Riyadh,Member,Breakfast,Saudi,Burger Hub,3,74.91,9.98,81.77,45,E-Wallet,8.6
FD-01102,2025-06-19 21:26:00,Jeddah,Member,Dinner,Healthy,Rice & Spice,5,147.24,14.8,168.21,41,Cash,9.0
FD-01103,2025-06-23 18:26:00,Makkah,Normal,Snack,Italian,Daily Dish,2,80.27,5.02,90.23,45,Credit Card,8.0
FD-01104,2025-12-12 21:06:00,Khobar,Normal,Dinner,Italian,Family Grill,1,49.51,6.46,55.67,33,Credit Card,7.4
FD-01105,2025-03-24 18:09:00,Riyadh,Normal,Snack,Italian,Urban Bites,8,324.54,5.76,323.51,22,E-Wallet,9.3
FD-01106,2025-05-09 18:50:00,Riyadh,Normal,Snack,Healthy,Burger Hub,6,191.24,14.56,207.0,38,Cash,8.8
FD-01107,2025-07-14 21:31:00,Riyadh,Member,Dinner,Healthy,Green Bowl,2,67.11,8.87,73.95,46,E-Wallet,8.3
FD-01108,2025-01-20 14:34:00,Riyadh,Member,Lunch,Asian,Green Bowl,3,86.66,8.72,101.41,39,E-Wallet,8.3
FD-01109,2025-10-21 22:20:00,Makkah,Normal,Dinner,American,Najd Kitchen,4,158.94,10.96,166.06,39,Cash,8.1
FD-01110,2025-03-24 22:05:00,Dammam,Normal,Dinner,Saudi,Wok Express,7,304.98,4.13,312.1,35,Credit Card,7.6
FD-01111,2025-07-10 15:12:00,Jeddah,Member,Lunch,American,Pasta House,1,46.45,4.67,49.37,34,Credit Card,10.0
FD-01112,2025-03-28 15:14:00,Riyadh,Member,Lunch,American,Burger Hub,6,219.85,9.16,238.61,21,Credit Card,9.8
FD-01113,2025-04-20 15:12:00,Makkah,Member,Lunch,Italian,Green Bowl,8,160.68,14.58,169.48,24,Credit Card,8.6
FD-01114,2025-10-27 19:13:00,Makkah,Member,Dinner,Saudi,Najd Kitchen,8,209.47,9.47,215.22,28,E-Wallet,7.8
FD-01115,2025-02-07 18:17:00,Makkah,Member,Dinner,Saudi,Pasta House,5,124.27,14.88,138.19,40,E-Wallet,7.6
FD-01116,2025-08-02 14:35:00,Jeddah,Normal,Lunch,Italian,Daily Dish,2,85.26,4.87,102.19,38,Credit Card,8.1
FD-01117,2025-10-20 07:45:00,Jeddah,Member,Breakfast,American,Burger Hub,8,297.37,11.6,309.32,46,Cash,7.7
FD-01118,2025-06-09 21:48:00,Makkah,Normal,Dinner,American,Najd Kitchen,3,97.37,13.74,116.82,38,E-Wallet,8.0
FD-01119,2025-06-02 18:34:00,Riyadh,Normal,Dinner,Italian,Urban Bites,8,266.59,4.8,270.7,39,Credit Card,8.6
FD-01120,2025-09-20 19:37:00,Jeddah,Normal,Dinner,American,Rice & Spice,3,140.39,5.53,141.73,23,Credit Card,9.7
FD-01121,2025-04-14 18:01:00,Riyadh,Normal,Snack,Italian,Daily Dish,8,322.66,9.51,329.96,29,Cash,7.9
FD-01122,2025-03-10 08:33:00,Riyadh,Member,Breakfast,Saudi,Rice & Spice,5,130.24,7.62,136.74,29,Cash,8.5
FD-01123,2025-06-23 22:27:00,Khobar,Member,Dinner,American,Family Grill,4,195.11,7.52,197.0,32,E-Wallet,8.6
FD-01124,2025-06-01 13:25:00,Jeddah,Normal,Lunch,Asian,Pasta House,8,239.31,11.69,250.1,51,Cash,7.2
FD-01125,2025-06-20 18:41:00,Dammam,Member,Dinner,Asian,Pasta House,8,164.77,8.15,173.35,15,Cash,8.4
FD-01126,2025-12-15 14:07:00,Riyadh,Normal,Lunch,Healthy,Taste of Jeddah,8,161.78,13.15,168.82,25,Cash,10.0
FD-01127,2025-12-02 14:45:00,Jeddah,Member,Lunch,Asian,Taste of Jeddah,7,252.12,7.97,262.8,21,Credit Card,9.0
FD-01128,2025-03-03 07:39:00,Makkah,Member,Breakfast,Asian,Family Grill,5,130.37,7.76,137.29,25,Cash,8.6
FD-01129,2025-07-08 18:17:00,Riyadh,Member,Dinner,Asian,Green Bowl,5,156.23,4.09,163.02,32,E-Wallet,9.3
FD-01130,2025-06-15 17:41:00,Riyadh,Member,Snack,Italian,Urban Bites,3,114.5,12.14,127.31,32,Credit Card,8.3
FD-01131,2025-07-18 14:05:00,Riyadh,Member,Lunch,American,Wok Express,8,174.08,5.51,174.88,38,Cash,7.6
FD-01132,2025-02-12 20:01:00,Makkah,Normal,Dinner,Saudi,Daily Dish,6,194.51,13.71,211.79,42,E-Wallet,7.6
FD-01133,2025-04-10 19:35:00,Riyadh,Member,Dinner,American,Pasta House,3,160.16,10.69,173.06,54,Cash,8.3
FD-01134,2025-12-12 19:24:00,Jeddah,Member,Dinner,Saudi,Daily Dish,4,175.5,7.34,189.05,43,Credit Card,7.8
FD-01135,2025-09-25 15:36:00,Riyadh,Normal,Lunch,Asian,Daily Dish,5,153.12,5.83,162.97,37,Cash,8.6
FD-01136,2025-09-11 15:45:00,Riyadh,Normal,Lunch,Healthy,Taste of Jeddah,5,243.52,10.54,253.81,52,E-Wallet,7.6
FD-01137,2025-01-22 18:43:00,Riyadh,Member,Snack,Asian,Daily Dish,8,174.04,7.49,185.51,26,E-Wallet,8.9
FD-01138,2025-12-29 07:59:00,Riyadh,Member,Breakfast,Italian,Najd Kitchen,4,124.2,10.42,138.06,33,Credit Card,8.3
FD-01139,2025-12-31 21:20:00,Dammam,Normal,Dinner,Italian,Najd Kitchen,3,81.43,11.71,88.87,32,Cash,8.7
FD-01140,2025-10-14 18:35:00,Makkah,Normal,Dinner,Italian,Pasta House,7,191.96,10.92,208.45,32,Credit Card,9.2
FD-01141,2025-03-03 13:14:00,Riyadh,Normal,Lunch,American,Rice & Spice,6,196.73,5.6,204.5,39,E-Wallet,8.5
FD-01142,2025-09-11 13:10:00,Riyadh,Normal,Lunch,Saudi,Wok Express,8,358.11,11.31,372.39,34,E-Wallet,8.8
FD-01143,2025-04-27 07:37:00,Jeddah,Normal,Breakfast,Asian,Taste of Jeddah,1,14.56,6.51,23.41,39,Credit Card,8.2
FD-01144,2025-01-30 07:26:00,Jeddah,Normal,Breakfast,Healthy,Urban Bites,5,71.47,7.81,83.15,55,E-Wallet,8.2
FD-01145,2025-04-07 12:01:00,Riyadh,Normal,Lunch,Asian,Wok Express,1,24.87,8.64,32.83,33,E-Wallet,8.7
FD-01146,2025-02-15 19:53:00,Dammam,Member,Dinner,Healthy,Daily Dish,1,31.58,4.7,30.16,30,Cash,9.0
FD-01147,2025-05-15 18:05:00,Jeddah,Member,Dinner,Italian,Rice & Spice,7,293.03,12.0,299.25,31,E-Wallet,9.3
FD-01148,2025-12-18 20:45:00,Dammam,Normal,Dinner,American,Burger Hub,3,57.28,6.46,61.71,24,Credit Card,9.7
FD-01149,2025-02-28 14:08:00,Makkah,Normal,Lunch,Saudi,Wok Express,3,128.98,7.35,136.65,27,Credit Card,9.7
FD-01150,2025-12-11 18:08:00,Dammam,Member,Snack,Saudi,Green Bowl,6,141.74,6.51,147.81,45,Cash,8.0
FD-01151,2025-11-03 16:30:00,Dammam,Member,Snack,American,Daily Dish,8,239.06,6.16,240.14,31,Credit Card,8.1
FD-01152,2025-04-16 08:10:00,Riyadh,Member,Breakfast,Healthy,Green Bowl,7,114.35,14.85,125.1,38,E-Wallet,7.9
FD-01153,2025-07-03 13:51:00,Riyadh,Member,Lunch,Healthy,Wok Express,2,29.59,6.11,35.78,23,E-Wallet,9.2
FD-01154,2025-12-16 08:11:00,Makkah,Normal,Breakfast,Italian,Daily Dish,8,169.77,14.3,180.73,31,E-Wallet,10.0
FD-01155,2025-03-24 08:18:00,Dammam,Member,Breakfast,Asian,Pasta House,6,110.15,11.51,119.62,28,E-Wallet,8.1
FD-01156,2025-02-18 20:52:00,Jeddah,Normal,Dinner,Healthy,Rice & Spice,6,243.47,12.07,254.27,36,Cash,9.5
FD-01157,2025-03-04 19:00:00,Khobar,Member,Dinner,Italian,Taste of Jeddah,8,417.76,9.29,425.86,40,Credit Card,7.2
FD-01158,2025-12-20 15:50:00,Riyadh,Normal,Lunch,Asian,Green Bowl,7,148.57,10.86,158.22,34,E-Wallet,8.6
FD-01159,2025-02-10 17:02:00,Dammam,Normal,Snack,Asian,Rice & Spice,4,114.41,7.21,124.37,31,Credit Card,8.6
FD-01160,2025-09-21 10:34:00,Riyadh,Member,Breakfast,Saudi,Taste of Jeddah,3,105.43,12.52,114.35,38,Credit Card,7.7
FD-01161,2025-01-28 22:55:00,Riyadh,Member,Dinner,American,Green Bowl,4,202.69,4.07,203.46,44,Cash,8.4
FD-01162,2025-11-02 19:57:00,Jeddah,Member,Dinner,Saudi,Wok Express,7,162.22,12.98,174.61,47,Cash,7.7
FD-01163,2025-07-05 18:58:00,Riyadh,Normal,Dinner,Saudi,Urban Bites,4,221.08,14.89,235.83,41,Cash,8.0
FD-01164,2025-11-24 18:35:00,Jeddah,Member,Snack,American,Family Grill,4,74.94,4.35,80.43,18,Cash,9.8
FD-01165,2025-08-09 13:58:00,Makkah,Member,Lunch,Saudi,Urban Bites,6,130.67,7.52,141.95,56,E-Wallet,7.2
FD-01166,2025-01-10 10:46:00,Dammam,Member,Breakfast,Saudi,Najd Kitchen,7,89.78,11.9,103.82,27,Cash,7.0
FD-01167,2025-08-17 17:29:00,Khobar,Normal,Snack,Saudi,Taste of Jeddah,2,55.01,4.04,55.27,26,E-Wallet,9.2
FD-01168,2025-07-28 07:29:00,Riyadh,Member,Breakfast,Saudi,Pasta House,4,103.57,9.98,118.98,33,Credit Card,8.7
FD-01169,2025-05-07 15:57:00,Riyadh,Member,Lunch,Asian,Green Bowl,3,93.0,12.87,102.0,40,E-Wallet,7.4
FD-01170,2025-08-24 18:28:00,Riyadh,Normal,Snack,American,Rice & Spice,1,33.44,5.9,37.42,36,E-Wallet,8.0
FD-01171,2025-11-07 07:05:00,Dammam,Normal,Breakfast,Saudi,Burger Hub,7,106.65,6.73,110.53,30,Cash,8.4
FD-01172,2025-01-17 10:04:00,Dammam,Member,Breakfast,Healthy,Green Bowl,1,32.94,4.16,35.99,36,Cash,8.9
FD-01173,2025-06-20 19:12:00,Dammam,Member,Dinner,Healthy,Family Grill,5,235.93,13.01,245.03,36,Credit Card,8.5
FD-01174,2025-08-13 08:39:00,Riyadh,Member,Breakfast,American,Daily Dish,6,267.44,9.6,278.92,33,E-Wallet,8.5
FD-01175,2025-06-01 09:17:00,Jeddah,Normal,Breakfast,Healthy,Urban Bites,3,87.5,12.43,89.45,19,Credit Card,9.6
FD-01176,2025-11-30 13:53:00,Jeddah,Normal,Lunch,Saudi,Wok Express,6,195.28,6.55,200.32,31,E-Wallet,9.3
FD-01177,2025-09-03 18:51:00,Makkah,Member,Snack,Asian,Taste of Jeddah,5,101.8,9.69,112.26,29,E-Wallet,9.0
FD-01178,2025-12-25 15:33:00,Makkah,Member,Lunch,Italian,Wok Express,8,128.54,12.49,143.51,22,E-Wallet,8.5
FD-01179,2025-08-02 13:37:00,Khobar,Member,Lunch,Healthy,Wok Express,7,131.38,6.79,139.74,36,E-Wallet,7.5
FD-01180,2025-06-24 09:30:00,Dammam,Member,Breakfast,Saudi,Daily Dish,7,178.91,7.37,187.75,44,Credit Card,8.5
FD-01181,2025-10-09 15:50:00,Dammam,Member,Lunch,Asian,Rice & Spice,6,287.0,7.46,289.99,48,Credit Card,8.3
FD-01182,2025-04-06 20:06:00,Jeddah,Member,Dinner,Asian,Urban Bites,5,168.18,12.96,180.17,47,E-Wallet,8.0
FD-01183,2025-03-14 09:18:00,Dammam,Member,Breakfast,Asian,Najd Kitchen,1,41.1,4.15,43.93,23,Cash,8.8
FD-01184,2025-07-22 18:46:00,Dammam,Member,Dinner,American,Daily Dish,4,101.9,12.74,116.93,41,Credit Card,8.2
FD-01185,2025-11-24 14:54:00,Riyadh,Normal,Lunch,Saudi,Green Bowl,5,141.78,14.63,161.18,41,Credit Card,8.5
FD-01186,2025-07-30 18:25:00,Jeddah,Member,Dinner,Asian,Urban Bites,1,43.26,14.42,61.11,39,Cash,8.6
FD-01187,2025-03-01 10:02:00,Makkah,Member,Breakfast,Saudi,Daily Dish,1,33.57,10.05,47.52,41,Credit Card,8.3
FD-01188,2025-08-16 14:03:00,Riyadh,Normal,Lunch,Italian,Urban Bites,5,258.9,12.03,274.92,38,E-Wallet,6.7
FD-01189,2025-06-28 13:18:00,Dammam,Member,Lunch,American,Daily Dish,8,397.6,7.32,404.82,22,E-Wallet,9.4
FD-01190,2025-09-19 18:25:00,Dammam,Normal,Dinner,Saudi,Wok Express,6,135.79,7.68,148.54,33,E-Wallet,9.0
FD-01191,2025-02-18 19:57:00,Dammam,Member,Dinner,Healthy,Daily Dish,4,77.25,6.89,80.3,23,Credit Card,9.2
FD-01192,2025-02-12 18:20:00,Jeddah,Member,Dinner,Italian,Burger Hub,6,239.02,7.42,249.42,35,E-Wallet,8.2
FD-01193,2025-05-15 22:44:00,Jeddah,Member,Dinner,Saudi,Green Bowl,4,155.69,12.12,165.63,24,E-Wallet,8.5
FD-01194,2025-10-07 12:42:00,Makkah,Normal,Lunch,Saudi,Rice & Spice,3,107.99,8.97,120.84,38,E-Wallet,7.3
FD-01195,2025-03-13 18:04:00,Riyadh,Member,Dinner,Asian,Rice & Spice,6,240.59,8.43,249.12,36,Credit Card,8.3
FD-01196,2025-07-18 15:46:00,Riyadh,Member,Lunch,Italian,Pasta House,3,75.56,4.96,80.62,52,E-Wallet,7.5
FD-01197,2025-11-28 10:47:00,Khobar,Normal,Breakfast,American,Urban Bites,4,72.26,3.8,77.36,42,E-Wallet,8.1
FD-01198,2025-06-18 19:05:00,Dammam,Normal,Dinner,Italian,Family Grill,2,41.44,11.31,47.21,27,Cash,8.9
FD-01199,2025-05-07 21:31:00,Jeddah,Member,Dinner,Asian,Najd Kitchen,2,90.97,8.75,94.23,52,E-Wallet,7.9
FD-01200,2025-08-06 10:32:00,Makkah,Member,Breakfast,Saudi,Pasta House,4,50.48,5.88,55.99,43,Cash,9.2
FD-01201,2025-07-01 21:58:00,Jeddah,Member,Dinner,American,Burger Hub,7,392.49,7.71,400.53,49,E-Wallet,8.4
FD-01202,2025-06-10 19:37:00,Jeddah,Normal,Dinner,Italian,Wok Express,6,162.54,13.3,175.65,45,Credit Card,8.3
FD-01203,2025-12-21 14:41:00,Dammam,Member,Lunch,Italian,Najd Kitchen,4,170.97,12.42,185.24,33,Cash,8.3
FD-01204,2025-05-13 22:31:00,Khobar,Normal,Dinner,Saudi,Pasta House,7,356.94,10.19,371.47,37,Credit Card,7.6
FD-01205,2025-02-20 10:37:00,Khobar,Member,Breakfast,American,Taste of Jeddah,5,192.19,6.33,195.48,25,Cash,8.6
FD-01206,2025-05-13 14:29:00,Dammam,Member,Lunch,Healthy,Green Bowl,3,56.45,12.62,78.24,42,E-Wallet,7.1
FD-01207,2025-10-08 22:34:00,Jeddah,Member,Dinner,Italian,Family Grill,5,143.65,6.49,143.7,31,Cash,9.8
FD-01208,2025-08-21 21:03:00,Makkah,Normal,Dinner,Asian,Najd Kitchen,6,141.36,9.75,152.18,39,Cash,8.9
FD-01209,2025-11-04 18:06:00,Khobar,Normal,Snack,Asian,Family Grill,4,80.58,12.09,92.81,28,Credit Card,9.5
FD-01210,2025-11-25 15:26:00,Riyadh,Member,Lunch,American,Najd Kitchen,4,96.28,9.58,105.73,39,Cash,9.0
FD-01211,2025-04-30 12:14:00,Dammam,Normal,Lunch,Italian,Najd Kitchen,5,115.57,10.6,132.7,34,E-Wallet,8.6
FD-01212,2025-12-31 16:56:00,Khobar,Member,Snack,American,Green Bowl,4,56.52,10.07,66.03,39,E-Wallet,9.9
FD-01213,2025-05-05 20:14:00,Riyadh,Normal,Dinner,Saudi,Family Grill,8,176.51,14.68,190.58,32,Cash,8.4
FD-01214,2025-09-14 14:24:00,Makkah,Normal,Lunch,Asian,Wok Express,7,198.88,6.4,209.08,18,E-Wallet,8.7
FD-01215,2025-03-23 20:54:00,Riyadh,Member,Dinner,Italian,Pasta House,5,280.38,13.43,287.92,36,E-Wallet,8.9
FD-01216,2025-01-30 22:38:00,Dammam,Normal,Dinner,Saudi,Urban Bites,8,168.02,13.63,183.15,21,Credit Card,9.0
FD-01217,2025-03-11 17:47:00,Khobar,Member,Snack,American,Taste of Jeddah,7,210.91,5.73,212.93,53,E-Wallet,8.1
FD-01218,2025-02-22 17:01:00,Riyadh,Member,Snack,Healthy,Burger Hub,4,56.37,7.07,66.77,62,Cash,6.7
FD-01219,2025-02-06 14:55:00,Khobar,Normal,Lunch,Italian,Wok Express,2,81.74,12.05,100.23,38,E-Wallet,8.0
FD-01220,2025-02-24 18:46:00,Riyadh,Normal,Dinner,American,Najd Kitchen,3,177.0,6.38,180.68,39,Cash,8.6
FD-01221,2025-06-18 07:12:00,Dammam,Member,Breakfast,Healthy,Pasta House,3,105.21,12.35,115.39,30,Credit Card,9.4
FD-01222,2025-08-27 20:29:00,Makkah,Member,Dinner,Asian,Najd Kitchen,2,97.07,13.01,107.0,52,E-Wallet,8.0
FD-01223,2025-11-10 17:59:00,Makkah,Normal,Snack,American,Najd Kitchen,8,124.0,10.52,137.29,17,E-Wallet,9.4
FD-01224,2025-10-28 16:18:00,Jeddah,Normal,Snack,Asian,Pasta House,8,252.64,7.12,263.6,28,Credit Card,8.9
FD-01225,2025-03-06 15:01:00,Khobar,Normal,Lunch,Italian,Pasta House,2,71.03,10.27,80.33,24,Credit Card,8.8
FD-01226,2025-10-06 10:25:00,Jeddah,Member,Breakfast,American,Rice & Spice,2,60.85,5.32,67.83,40,E-Wallet,8.3
FD-01227,2025-05-18 14:10:00,Makkah,Member,Lunch,Saudi,Taste of Jeddah,8,274.49,7.73,275.13,40,E-Wallet,9.3
FD-01228,2025-03-08 21:30:00,Khobar,Member,Dinner,Italian,Green Bowl,2,84.21,11.72,97.2,15,Credit Card,8.9
FD-01229,2025-10-08 09:03:00,Dammam,Normal,Breakfast,Italian,Wok Express,7,107.53,5.21,110.82,30,Credit Card,8.5
FD-01230,2025-03-26 10:09:00,Riyadh,Normal,Breakfast,Saudi,Pasta House,4,85.43,7.1,100.41,28,Credit Card,8.4
FD-01231,2025-01-25 12:22:00,Dammam,Member,Lunch,Italian,Daily Dish,2,39.92,13.55,56.59,22,E-Wallet,8.1
FD-01232,2025-11-29 09:13:00,Jeddah,Normal,Breakfast,Saudi,Pasta House,8,214.75,8.75,229.78,31,Cash,8.3
FD-01233,2025-05-14 20:41:00,Riyadh,Member,Dinner,American,Green Bowl,7,132.47,12.5,147.07,38,E-Wallet,8.0
FD-01234,2025-05-30 07:47:00,Makkah,Member,Breakfast,Italian,Pasta House,1,24.61,10.87,39.84,29,Credit Card,8.1
FD-01235,2025-06-29 21:10:00,Riyadh,Member,Dinner,American,Urban Bites,5,104.05,13.62,117.3,22,Credit Card,9.4
FD-01236,2025-09-24 18:33:00,Dammam,Normal,Snack,Asian,Najd Kitchen,5,107.68,12.88,128.22,47,E-Wallet,7.0
FD-01237,2025-07-30 13:25:00,Dammam,Normal,Lunch,Healthy,Taste of Jeddah,8,188.29,14.62,206.95,32,Credit Card,8.5
FD-01238,2025-12-24 14:11:00,Khobar,Normal,Lunch,American,Family Grill,2,39.11,12.13,58.64,50,E-Wallet,7.5
FD-01239,2025-06-16 18:17:00,Riyadh,Member,Dinner,Saudi,Pasta House,5,118.44,5.64,125.13,42,Credit Card,7.8
FD-01240,2025-05-13 09:31:00,Dammam,Member,Breakfast,Asian,Pasta House,3,89.14,4.82,91.66,55,E-Wallet,7.8
FD-01241,2025-04-03 14:13:00,Jeddah,Member,Lunch,Saudi,Rice & Spice,2,68.14,6.05,75.35,31,Credit Card,9.2
FD-01242,2025-03-02 12:07:00,Khobar,Member,Lunch,Asian,Green Bowl,8,384.13,3.79,389.36,23,Cash,10.0
FD-01243,2025-08-02 15:20:00,Khobar,Normal,Lunch,Italian,Green Bowl,6,121.25,10.59,133.38,34,E-Wallet,8.8
FD-01244,2025-08-10 09:53:00,Makkah,Member,Breakfast,Asian,Rice & Spice,5,130.0,15.43,160.89,25,Cash,9.3
FD-01245,2025-03-13 15:10:00,Jeddah,Normal,Lunch,American,Taste of Jeddah,8,276.75,5.82,282.69,20,Credit Card,9.8
FD-01246,2025-08-16 07:15:00,Jeddah,Member,Breakfast,Healthy,Family Grill,3,66.1,10.94,75.84,34,E-Wallet,8.6
FD-01247,2025-07-05 16:33:00,Dammam,Member,Snack,Healthy,Taste of Jeddah,5,131.46,13.89,150.18,38,E-Wallet,9.6
FD-01248,2025-08-21 21:07:00,Dammam,Normal,Dinner,Saudi,Pasta House,1,25.09,10.28,35.24,24,E-Wallet,9.5
FD-01249,2025-05-11 19:02:00,Khobar,Member,Dinner,American,Wok Express,6,296.15,12.31,296.88,15,Credit Card,9.0
FD-01250,2025-12-02 21:41:00,Jeddah,Normal,Dinner,Asian,Wok Express,3,155.82,12.92,164.66,31,E-Wallet,9.3
FD-01251,2025-02-08 15:06:00,Jeddah,Member,Lunch,Italian,Pasta House,3,129.68,7.74,138.27,42,Credit Card,7.8
FD-01252,2025-08-28 15:25:00,Khobar,Member,Lunch,Italian,Daily Dish,4,122.78,4.04,125.74,44,Credit Card,7.3
FD-01253,2025-03-13 22:31:00,Khobar,Member,Dinner,Asian,Family Grill,8,214.5,6.15,228.07,49,E-Wallet,7.4
FD-01254,2025-04-10 13:39:00,Dammam,Normal,Lunch,Saudi,Pasta House,7,300.5,8.62,302.54,25,Credit Card,8.8
FD-01255,2025-12-15 15:37:00,Khobar,Member,Lunch,Saudi,Family Grill,7,105.87,11.47,122.01,39,E-Wallet,8.2
FD-01256,2025-03-25 09:14:00,Riyadh,Member,Breakfast,Saudi,Wok Express,2,26.61,5.19,29.0,42,E-Wallet,8.5
FD-01257,2025-10-20 22:20:00,Dammam,Member,Dinner,Italian,Green Bowl,3,65.74,13.59,77.52,43,E-Wallet,8.6
FD-01258,2025-11-10 15:44:00,Dammam,Normal,Lunch,Asian,Rice & Spice,8,338.74,8.11,348.06,29,E-Wallet,9.4
FD-01259,2025-10-01 18:04:00,Jeddah,Member,Dinner,American,Rice & Spice,7,159.34,13.89,170.36,28,Cash,7.5
FD-01260,2025-12-25 19:57:00,Jeddah,Normal,Dinner,Italian,Family Grill,5,211.11,9.18,227.68,39,E-Wallet,8.7
FD-01261,2025-06-05 21:19:00,Riyadh,Member,Dinner,Saudi,Wok Express,3,110.45,10.86,121.35,26,Cash,8.5
FD-01262,2025-02-11 13:43:00,Makkah,Member,Lunch,Italian,Pasta House,7,334.65,8.99,345.29,37,Cash,7.7
FD-01263,2025-05-27 07:37:00,Khobar,Member,Breakfast,Asian,Wok Express,5,160.29,14.11,174.89,42,E-Wallet,8.8
FD-01264,2025-03-25 22:11:00,Jeddah,Member,Dinner,American,Family Grill,1,58.12,10.64,69.03,29,E-Wallet,10.0
FD-01265,2025-07-12 21:10:00,Riyadh,Member,Dinner,American,Daily Dish,8,413.99,12.72,432.57,39,E-Wallet,7.7
FD-01266,2025-12-02 20:48:00,Makkah,Normal,Dinner,Italian,Family Grill,5,235.38,13.72,247.29,45,Credit Card,7.8
FD-01267,2025-07-26 14:50:00,Jeddah,Member,Lunch,American,Najd Kitchen,8,281.01,10.12,289.78,32,E-Wallet,8.7
FD-01268,2025-08-08 16:15:00,Khobar,Member,Snack,Saudi,Wok Express,3,41.35,12.46,59.38,38,E-Wallet,9.0
FD-01269,2025-01-21 10:40:00,Dammam,Normal,Breakfast,Healthy,Urban Bites,3,60.26,4.82,60.44,26,Credit Card,8.0
FD-01270,2025-03-12 22:44:00,Riyadh,Normal,Dinner,Healthy,Najd Kitchen,3,152.45,8.95,157.74,34,E-Wallet,8.3
FD-01271,2025-07-17 18:45:00,Makkah,Normal,Dinner,Italian,Burger Hub,4,202.39,13.4,212.36,19,Cash,10.0
FD-01272,2025-03-15 15:13:00,Riyadh,Member,Lunch,American,Wok Express,5,264.03,8.68,263.27,34,E-Wallet,8.3
FD-01273,2025-11-19 19:20:00,Riyadh,Member,Dinner,American,Taste of Jeddah,8,452.89,6.09,462.24,47,E-Wallet,7.6
FD-01274,2025-06-29 18:50:00,Riyadh,Member,Dinner,American,Daily Dish,6,270.12,9.43,282.83,48,E-Wallet,8.2
FD-01275,2025-12-06 22:30:00,Dammam,Normal,Dinner,Italian,Urban Bites,8,304.21,5.98,309.83,15,E-Wallet,9.1
FD-01276,2025-08-19 19:45:00,Jeddah,Normal,Dinner,Saudi,Green Bowl,2,86.86,9.73,96.47,36,E-Wallet,9.3
FD-01277,2025-04-12 14:06:00,Makkah,Member,Lunch,American,Pasta House,6,186.3,7.8,196.13,48,E-Wallet,7.6
FD-01278,2025-11-07 10:47:00,Khobar,Member,Breakfast,Healthy,Taste of Jeddah,4,88.7,13.99,104.43,27,Cash,8.8
FD-01279,2025-07-21 14:52:00,Makkah,Member,Lunch,Healthy,Family Grill,2,43.19,13.12,60.44,48,Cash,8.2
FD-01280,2025-07-12 08:27:00,Makkah,Member,Breakfast,American,Pasta House,8,233.35,7.66,239.74,15,Cash,9.4
FD-01281,2025-01-18 18:29:00,Riyadh,Member,Snack,Italian,Family Grill,1,26.6,10.92,39.54,34,E-Wallet,8.2
FD-01282,2025-10-15 15:37:00,Khobar,Member,Lunch,American,Wok Express,7,289.88,11.27,300.91,45,Credit Card,8.7
FD-01283,2025-05-29 15:26:00,Dammam,Member,Lunch,Healthy,Family Grill,4,174.79,10.3,175.67,30,E-Wallet,9.2
FD-01284,2025-10-19 18:27:00,Khobar,Normal,Dinner,American,Urban Bites,5,188.44,7.99,189.18,40,Cash,8.2
FD-01285,2025-05-15 18:50:00,Jeddah,Member,Snack,Saudi,Green Bowl,1,33.66,6.68,35.82,43,E-Wallet,8.0
FD-01286,2025-10-30 12:27:00,Jeddah,Normal,Lunch,Healthy,Green Bowl,5,132.73,12.27,150.0,24,E-Wallet,7.7
FD-01287,2025-12-14 18:01:00,Riyadh,Member,Dinner,Saudi,Najd Kitchen,2,54.13,5.5,56.76,35,Cash,9.8
FD-01288,2025-04-16 22:56:00,Jeddah,Member,Dinner,Asian,Green Bowl,2,106.86,5.7,118.29,38,Credit Card,8.0
FD-01289,2025-04-09 21:08:00,Makkah,Normal,Dinner,American,Pasta House,7,338.41,6.33,345.62,40,E-Wallet,7.9
FD-01290,2025-04-26 20:39:00,Riyadh,Normal,Dinner,Saudi,Rice & Spice,8,387.47,12.82,399.19,44,E-Wallet,7.6
FD-01291,2025-05-17 19:59:00,Makkah,Normal,Dinner,American,Taste of Jeddah,2,51.01,10.84,66.85,24,Credit Card,8.2
FD-01292,2025-10-26 22:59:00,Jeddah,Normal,Dinner,Saudi,Green Bowl,5,264.24,7.09,267.05,30,E-Wallet,8.7
FD-01293,2025-02-20 18:55:00,Dammam,Member,Snack,Asian,Urban Bites,1,12.07,4.83,13.42,47,E-Wallet,7.2
FD-01294,2025-03-02 15:47:00,Jeddah,Member,Lunch,American,Burger Hub,4,212.97,8.69,222.49,29,Cash,10.0
FD-01295,2025-12-29 18:13:00,Jeddah,Member,Dinner,American,Wok Express,1,54.71,13.61,63.15,38,E-Wallet,9.4
FD-01296,2025-09-07 13:45:00,Riyadh,Member,Lunch,Saudi,Najd Kitchen,1,29.73,7.95,37.39,35,Cash,8.2
FD-01297,2025-01-10 17:30:00,Jeddah,Member,Snack,Asian,Taste of Jeddah,6,170.07,13.42,179.31,32,E-Wallet,8.1
FD-01298,2025-04-01 13:58:00,Jeddah,Member,Lunch,Asian,Urban Bites,3,137.05,10.97,148.32,42,Credit Card,8.0
FD-01299,2025-09-29 15:13:00,Jeddah,Normal,Lunch,Asian,Taste of Jeddah,7,136.8,6.89,143.18,50,Credit Card,7.7
FD-01300,2025-09-18 17:43:00,Riyadh,Member,Snack,Asian,Urban Bites,2,26.13,6.78,40.82,32,Credit Card,8.9
FD-01301,2025-09-12 21:56:00,Riyadh,Member,Dinner,American,Wok Express,6,263.87,14.46,278.47,29,Cash,7.9
FD-01302,2025-08-12 21:03:00,Riyadh,Member,Dinner,Healthy,Taste of Jeddah,4,187.32,11.13,191.61,33,Credit Card,7.9
FD-01303,2025-08-10 22:01:00,Khobar,Normal,Dinner,Healthy,Taste of Jeddah,5,240.58,4.73,243.11,33,Cash,8.5
FD-01304,2025-01-15 07:09:00,Dammam,Normal,Breakfast,American,Urban Bites,8,151.28,8.6,161.93,33,Cash,9.0
FD-01305,2025-04-18 20:25:00,Khobar,Member,Dinner,Italian,Daily Dish,5,100.07,5.1,105.07,47,E-Wallet,6.7
FD-01306,2025-02-08 20:06:00,Riyadh,Normal,Dinner,Italian,Pasta House,7,335.58,10.93,342.86,19,E-Wallet,9.5
FD-01307,2025-10-27 15:29:00,Khobar,Member,Lunch,Saudi,Rice & Spice,5,103.67,13.93,115.62,32,Credit Card,9.2
FD-01308,2025-10-03 20:44:00,Khobar,Member,Dinner,Asian,Pasta House,2,72.98,8.7,75.2,34,E-Wallet,8.4
FD-01309,2025-06-19 19:17:00,Khobar,Member,Dinner,Italian,Najd Kitchen,5,271.06,5.8,274.43,37,E-Wallet,9.2
FD-01310,2025-03-07 14:39:00,Riyadh,Normal,Lunch,American,Burger Hub,4,221.24,14.99,236.25,34,Credit Card,9.2
FD-01311,2025-10-28 19:27:00,Khobar,Member,Dinner,Healthy,Taste of Jeddah,4,147.57,11.59,153.31,25,Cash,9.5
FD-01312,2025-10-01 12:40:00,Jeddah,Normal,Lunch,Saudi,Pasta House,2,45.08,12.93,59.69,49,Credit Card,5.9
FD-01313,2025-01-30 17:15:00,Riyadh,Member,Snack,American,Family Grill,1,22.18,6.38,32.41,28,Cash,8.4
FD-01314,2025-04-12 18:48:00,Makkah,Normal,Dinner,Saudi,Najd Kitchen,7,234.31,7.97,236.58,37,E-Wallet,8.7
FD-01315,2025-08-21 22:39:00,Jeddah,Member,Dinner,Italian,Green Bowl,4,175.1,13.8,180.47,36,E-Wallet,8.4
FD-01316,2025-02-16 22:17:00,Riyadh,Member,Dinner,Asian,Daily Dish,5,93.09,12.43,104.67,44,Credit Card,9.4
FD-01317,2025-09-04 14:13:00,Dammam,Normal,Lunch,Saudi,Najd Kitchen,4,162.02,7.75,168.23,26,Credit Card,9.9
FD-01318,2025-06-18 22:47:00,Jeddah,Member,Dinner,Healthy,Family Grill,7,159.87,4.9,165.51,38,E-Wallet,8.2
FD-01319,2025-05-22 20:58:00,Khobar,Normal,Dinner,Italian,Taste of Jeddah,4,163.55,13.66,179.89,42,Credit Card,7.8
FD-01320,2025-02-14 12:02:00,Makkah,Normal,Lunch,Healthy,Urban Bites,3,106.18,10.75,118.64,30,E-Wallet,8.7
FD-01321,2025-06-24 18:36:00,Riyadh,Member,Snack,Asian,Rice & Spice,4,137.66,11.33,146.61,34,E-Wallet,7.8
FD-01322,2025-11-07 18:52:00,Makkah,Normal,Dinner,Italian,Taste of Jeddah,4,140.28,5.39,140.89,26,Cash,8.5
FD-01323,2025-09-07 17:20:00,Jeddah,Member,Snack,American,Green Bowl,2,38.59,6.13,51.03,42,E-Wallet,8.9
FD-01324,2025-10-27 16:05:00,Dammam,Member,Snack,American,Urban Bites,1,14.51,12.54,27.84,25,E-Wallet,9.8
FD-01325,2025-03-01 14:16:00,Makkah,Normal,Lunch,Saudi,Wok Express,4,82.76,6.31,92.03,28,Cash,9.1
FD-01326,2025-04-21 22:07:00,Jeddah,Normal,Dinner,Saudi,Najd Kitchen,4,75.43,7.08,86.21,53,Credit Card,7.5
FD-01327,2025-05-12 18:31:00,Makkah,Normal,Snack,American,Najd Kitchen,5,170.76,10.46,180.71,23,E-Wallet,9.7
FD-01328,2025-02-25 14:49:00,Dammam,Normal,Lunch,Asian,Pasta House,5,132.1,10.8,146.72,43,E-Wallet,8.1
FD-01329,2025-10-16 20:51:00,Khobar,Normal,Dinner,American,Green Bowl,3,177.07,6.54,178.4,32,Cash,8.1
FD-01330,2025-10-21 16:35:00,Riyadh,Member,Snack,Saudi,Pasta House,5,139.76,6.59,152.81,52,E-Wallet,8.6
FD-01331,2025-12-24 14:47:00,Khobar,Member,Lunch,Saudi,Rice & Spice,5,157.49,4.59,165.15,36,Cash,7.8
FD-01332,2025-07-18 19:18:00,Makkah,Member,Dinner,American,Family Grill,6,199.17,12.52,210.07,32,E-Wallet,8.8
FD-01333,2025-01-12 16:20:00,Dammam,Member,Snack,American,Najd Kitchen,1,15.7,4.29,22.96,56,E-Wallet,6.7
FD-01334,2025-09-26 17:13:00,Dammam,Member,Snack,Italian,Rice & Spice,5,152.26,14.89,166.3,26,E-Wallet,8.3
FD-01335,2025-01-22 20:24:00,Riyadh,Member,Dinner,Healthy,Urban Bites,7,130.72,12.22,134.84,49,E-Wallet,8.0
FD-01336,2025-10-29 21:08:00,Jeddah,Normal,Dinner,American,Wok Express,2,124.04,12.78,134.47,45,Credit Card,8.2
FD-01337,2025-09-08 13:45:00,Dammam,Member,Lunch,Italian,Najd Kitchen,8,157.44,14.57,166.9,40,Credit Card,8.4
FD-01338,2025-02-09 20:53:00,Makkah,Member,Dinner,Saudi,Rice & Spice,6,176.68,11.22,192.17,30,Cash,8.8
FD-01339,2025-08-26 08:20:00,Khobar,Normal,Breakfast,Healthy,Najd Kitchen,2,25.09,11.59,37.3,21,Cash,8.4
FD-01340,2025-05-17 07:16:00,Dammam,Normal,Breakfast,Healthy,Burger Hub,5,167.36,7.12,169.34,20,E-Wallet,9.3
FD-01341,2025-03-14 08:47:00,Dammam,Member,Breakfast,American,Wok Express,4,121.91,6.16,120.57,42,Cash,8.8
FD-01342,2025-05-26 16:51:00,Riyadh,Normal,Snack,American,Najd Kitchen,3,115.88,13.54,126.09,36,Credit Card,8.3
FD-01343,2025-06-28 17:29:00,Dammam,Member,Snack,Saudi,Najd Kitchen,8,201.45,6.96,209.31,43,Cash,8.6
FD-01344,2025-09-12 16:50:00,Jeddah,Member,Snack,Italian,Green Bowl,1,14.99,4.26,17.97,42,E-Wallet,8.1
FD-01345,2025-08-26 10:35:00,Riyadh,Member,Breakfast,American,Pasta House,8,294.27,12.71,309.32,21,Credit Card,9.4
FD-01346,2025-11-27 09:29:00,Dammam,Normal,Breakfast,American,Daily Dish,3,65.68,6.56,73.91,48,E-Wallet,8.2
FD-01347,2025-07-04 20:12:00,Jeddah,Member,Dinner,Italian,Pasta House,8,362.46,9.16,361.89,18,E-Wallet,8.6
FD-01348,2025-04-07 19:56:00,Jeddah,Member,Dinner,Saudi,Wok Express,3,125.34,6.55,132.38,26,E-Wallet,8.8
FD-01349,2025-02-23 15:13:00,Jeddah,Member,Lunch,American,Urban Bites,3,107.22,7.8,115.62,20,E-Wallet,10.0
FD-01350,2025-07-13 13:27:00,Dammam,Normal,Lunch,Healthy,Najd Kitchen,3,80.48,13.05,93.66,34,E-Wallet,7.8
FD-01351,2025-12-25 08:59:00,Jeddah,Normal,Breakfast,Healthy,Rice & Spice,1,12.92,9.06,19.49,30,E-Wallet,9.3
FD-01352,2025-10-24 14:51:00,Riyadh,Normal,Lunch,Saudi,Green Bowl,2,33.91,7.33,44.63,29,Credit Card,8.6
FD-01353,2025-11-04 15:40:00,Dammam,Normal,Lunch,Italian,Wok Express,1,49.33,10.02,57.76,21,E-Wallet,9.5
FD-01354,2025-10-31 18:48:00,Jeddah,Member,Dinner,Saudi,Daily Dish,5,162.75,12.36,172.75,28,Credit Card,9.0
FD-01355,2025-01-31 19:38:00,Khobar,Normal,Dinner,Asian,Taste of Jeddah,8,455.31,6.45,453.43,60,Credit Card,8.2
FD-01356,2025-03-20 07:31:00,Jeddah,Member,Breakfast,Italian,Najd Kitchen,3,62.41,8.5,77.13,44,E-Wallet,7.9
FD-01357,2025-03-30 18:26:00,Dammam,Member,Dinner,Italian,Taste of Jeddah,8,421.81,11.98,435.33,49,Credit Card,9.1
FD-01358,2025-04-18 22:30:00,Jeddah,Member,Dinner,Asian,Wok Express,5,249.73,10.86,260.67,39,Cash,8.7
FD-01359,2025-09-21 20:42:00,Makkah,Member,Dinner,Italian,Wok Express,6,315.9,7.0,327.17,32,Cash,7.7
FD-01360,2025-09-26 20:32:00,Jeddah,Member,Dinner,Asian,Urban Bites,4,81.67,6.69,82.76,39,E-Wallet,8.4
FD-01361,2025-10-07 14:49:00,Dammam,Normal,Lunch,Italian,Pasta House,2,86.13,11.32,103.29,57,Credit Card,7.8
FD-01362,2025-11-27 16:00:00,Jeddah,Normal,Snack,Italian,Burger Hub,2,54.64,4.53,57.99,26,Credit Card,8.6
FD-01363,2025-02-05 19:16:00,Riyadh,Member,Dinner,Asian,Burger Hub,6,322.06,14.15,343.46,52,Cash,7.3
FD-01364,2025-01-10 20:04:00,Makkah,Normal,Dinner,Saudi,Rice & Spice,1,38.2,10.89,56.06,33,E-Wallet,8.4
FD-01365,2025-03-13 22:37:00,Khobar,Normal,Dinner,American,Daily Dish,1,28.11,3.63,15.01,41,E-Wallet,7.4
FD-01366,2025-03-14 15:35:00,Riyadh,Normal,Lunch,Healthy,Daily Dish,5,123.32,12.55,137.51,35,Cash,8.4
FD-01367,2025-05-29 14:01:00,Jeddah,Member,Lunch,American,Family Grill,3,54.98,4.74,65.28,26,Credit Card,8.9
FD-01368,2025-08-04 15:30:00,Jeddah,Member,Lunch,American,Urban Bites,3,81.45,6.82,97.24,34,Credit Card,8.8
FD-01369,2025-08-13 21:51:00,Makkah,Normal,Dinner,Asian,Najd Kitchen,4,133.23,9.31,139.9,42,Cash,7.7
FD-01370,2025-01-16 20:29:00,Dammam,Normal,Dinner,Asian,Daily Dish,5,190.21,8.08,198.59,28,Cash,7.9
FD-01371,2025-06-02 18:24:00,Dammam,Member,Snack,Italian,Urban Bites,8,198.26,4.57,201.36,43,E-Wallet,7.6
FD-01372,2025-07-10 19:30:00,Makkah,Member,Dinner,Italian,Urban Bites,6,312.74,14.35,326.66,35,Credit Card,8.0
FD-01373,2025-01-28 08:24:00,Riyadh,Member,Breakfast,Healthy,Taste of Jeddah,6,148.75,13.11,160.33,49,Cash,6.5
FD-01374,2025-04-11 07:23:00,Jeddah,Member,Breakfast,Healthy,Pasta House,4,90.23,6.68,97.1,30,Credit Card,9.0
FD-01375,2025-07-13 12:41:00,Riyadh,Member,Lunch,Italian,Rice & Spice,3,144.97,14.21,162.11,33,Cash,9.7
FD-01376,2025-12-25 15:10:00,Jeddah,Member,Lunch,Saudi,Green Bowl,8,336.61,14.12,355.89,37,E-Wallet,8.6
FD-01377,2025-01-22 18:25:00,Riyadh,Normal,Snack,Saudi,Green Bowl,7,124.91,11.13,133.99,44,Cash,8.4
FD-01378,2025-11-24 16:22:00,Jeddah,Member,Snack,Healthy,Family Grill,7,152.16,5.1,157.84,29,Credit Card,8.9
FD-01379,2025-01-19 18:36:00,Dammam,Member,Snack,Healthy,Taste of Jeddah,2,39.67,11.29,51.45,34,Credit Card,7.7
FD-01380,2025-10-26 18:07:00,Khobar,Member,Dinner,American,Green Bowl,1,17.72,12.67,23.72,36,Credit Card,7.2
FD-01381,2025-07-18 17:23:00,Dammam,Normal,Snack,Healthy,Daily Dish,3,80.87,7.12,85.22,30,Credit Card,9.2
FD-01382,2025-07-10 08:31:00,Khobar,Normal,Breakfast,Asian,Najd Kitchen,5,211.45,3.68,217.64,36,E-Wallet,7.2
FD-01383,2025-10-24 15:53:00,Makkah,Member,Lunch,Saudi,Rice & Spice,5,121.81,13.31,131.71,20,Cash,8.4
FD-01384,2025-10-27 13:19:00,Riyadh,Member,Lunch,Healthy,Green Bowl,2,32.83,12.41,43.8,43,Cash,8.7
FD-01385,2025-05-10 22:13:00,Khobar,Normal,Dinner,Asian,Rice & Spice,2,80.18,13.93,94.35,47,Cash,7.7
FD-01386,2025-01-12 18:36:00,Jeddah,Member,Snack,Saudi,Family Grill,2,61.32,9.87,75.49,50,Cash,8.0
FD-01387,2025-09-01 19:51:00,Jeddah,Member,Dinner,American,Pasta House,6,303.7,12.79,320.99,21,Credit Card,8.7
FD-01388,2025-06-05 12:41:00,Jeddah,Member,Lunch,Saudi,Najd Kitchen,7,117.44,14.58,126.11,29,E-Wallet,9.3
FD-01389,2025-12-04 09:22:00,Makkah,Member,Breakfast,American,Pasta House,4,66.21,5.57,79.2,29,E-Wallet,8.8
FD-01390,2025-01-12 12:09:00,Makkah,Normal,Lunch,American,Rice & Spice,1,22.69,8.46,30.97,26,Credit Card,8.8
FD-01391,2025-10-28 12:48:00,Dammam,Normal,Lunch,Saudi,Daily Dish,2,68.17,4.1,72.45,46,Cash,8.4
FD-01392,2025-08-18 19:59:00,Makkah,Member,Dinner,Italian,Pasta House,1,17.79,10.8,30.87,37,Credit Card,8.1
FD-01393,2025-12-29 19:38:00,Dammam,Member,Dinner,Healthy,Family Grill,5,137.55,11.2,141.12,31,Credit Card,7.2
FD-01394,2025-09-04 21:32:00,Khobar,Member,Dinner,Saudi,Najd Kitchen,3,91.63,10.72,98.2,21,E-Wallet,8.7
FD-01395,2025-07-06 21:19:00,Makkah,Member,Dinner,Italian,Najd Kitchen,8,301.8,5.43,299.7,40,Cash,8.2
FD-01396,2025-11-10 18:44:00,Khobar,Normal,Dinner,Italian,Wok Express,8,318.28,4.94,327.68,36,Credit Card,8.3
FD-01397,2025-04-24 14:50:00,Jeddah,Member,Lunch,Asian,Taste of Jeddah,1,50.04,6.3,60.37,28,E-Wallet,8.3
FD-01398,2025-08-16 20:06:00,Jeddah,Normal,Dinner,American,Daily Dish,4,161.28,11.58,169.82,37,Credit Card,8.6
FD-01399,2025-09-17 19:23:00,Makkah,Member,Dinner,Healthy,Wok Express,3,62.94,14.13,75.72,31,E-Wallet,9.2
FD-01400,2025-01-18 12:07:00,Dammam,Normal,Lunch,Saudi,Urban Bites,7,189.55,13.68,207.03,32,E-Wallet,8.3
FD-01401,2025-08-05 18:56:00,Makkah,Member,Dinner,Saudi,Family Grill,6,210.89,9.08,216.35,28,Credit Card,9.1
FD-01402,2025-10-04 19:35:00,Riyadh,Normal,Dinner,Healthy,Family Grill,1,16.9,11.69,34.84,41,Cash,8.6
FD-01403,2025-07-30 09:54:00,Khobar,Member,Breakfast,Saudi,Rice & Spice,6,237.14,8.71,245.6,23,Credit Card,8.8
FD-01404,2025-04-16 13:34:00,Riyadh,Normal,Lunch,Asian,Urban Bites,4,144.31,13.38,153.04,36,E-Wallet,7.7
FD-01405,2025-07-17 17:48:00,Makkah,Member,Snack,Asian,Pasta House,5,174.6,12.54,186.75,28,Cash,8.3
FD-01406,2025-04-12 12:20:00,Riyadh,Normal,Lunch,Asian,Pasta House,7,125.35,9.72,132.21,39,Credit Card,7.6
FD-01407,2025-07-06 18:03:00,Riyadh,Member,Dinner,American,Daily Dish,1,41.51,6.53,41.48,30,Credit Card,8.6
FD-01408,2025-11-13 22:55:00,Jeddah,Normal,Dinner,Asian,Green Bowl,7,268.08,10.28,285.61,23,E-Wallet,9.1
FD-01409,2025-02-14 22:12:00,Jeddah,Member,Dinner,Saudi,Urban Bites,6,241.37,8.68,246.24,18,E-Wallet,8.7
FD-01410,2025-02-14 10:48:00,Jeddah,Member,Breakfast,Asian,Family Grill,7,149.5,13.6,156.68,37,E-Wallet,8.3
FD-01411,2025-01-21 18:32:00,Riyadh,Normal,Dinner,American,Family Grill,1,36.36,14.47,51.28,54,Credit Card,7.6
FD-01412,2025-12-25 13:02:00,Riyadh,Member,Lunch,Asian,Daily Dish,3,45.94,13.42,56.87,33,Cash,8.8
FD-01413,2025-03-04 18:58:00,Riyadh,Normal,Dinner,Asian,Burger Hub,4,128.77,4.17,138.14,38,E-Wallet,9.4
FD-01414,2025-01-27 14:03:00,Jeddah,Normal,Lunch,Saudi,Taste of Jeddah,2,56.06,11.68,62.82,32,Credit Card,9.8
FD-01415,2025-02-05 09:54:00,Jeddah,Member,Breakfast,Saudi,Burger Hub,5,188.99,9.56,201.26,47,E-Wallet,8.5
FD-01416,2025-12-25 18:29:00,Khobar,Normal,Dinner,Asian,Family Grill,2,100.66,3.71,101.93,28,E-Wallet,9.1
FD-01417,2025-05-02 18:47:00,Riyadh,Normal,Dinner,Saudi,Daily Dish,5,125.37,5.68,132.05,43,E-Wallet,7.8
FD-01418,2025-05-30 10:52:00,Dammam,Member,Breakfast,Asian,Pasta House,1,35.86,13.21,43.93,33,E-Wallet,8.1
FD-01419,2025-05-12 18:05:00,Dammam,Normal,Dinner,Saudi,Daily Dish,7,173.33,7.51,182.17,31,Credit Card,8.9
FD-01420,2025-01-17 16:18:00,Riyadh,Normal,Snack,Italian,Najd Kitchen,3,49.48,9.66,58.01,38,Cash,7.2
FD-01421,2025-11-27 18:22:00,Dammam,Normal,Snack,Italian,Taste of Jeddah,1,37.63,4.08,30.74,36,E-Wallet,8.4
FD-01422,2025-06-06 18:17:00,Makkah,Normal,Dinner,Italian,Urban Bites,3,89.06,9.04,100.56,30,E-Wallet,9.4
FD-01423,2025-08-06 21:25:00,Riyadh,Normal,Dinner,American,Family Grill,5,244.03,14.81,254.41,45,Credit Card,7.6
FD-01424,2025-08-25 17:56:00,Riyadh,Member,Snack,Asian,Pasta House,6,225.8,6.25,229.01,23,Cash,9.3
FD-01425,2025-11-28 08:09:00,Khobar,Member,Breakfast,Italian,Taste of Jeddah,2,75.04,13.34,89.11,42,Cash,8.8
FD-01426,2025-07-25 10:11:00,Jeddah,Member,Breakfast,Asian,Family Grill,5,173.29,4.51,179.29,46,Cash,8.1
FD-01427,2025-07-18 12:20:00,Dammam,Member,Lunch,Saudi,Taste of Jeddah,5,156.21,12.49,171.01,47,E-Wallet,8.1
FD-01428,2025-05-12 18:34:00,Makkah,Member,Snack,Healthy,Burger Hub,5,156.69,8.21,162.69,28,E-Wallet,7.9
FD-01429,2025-04-25 10:47:00,Jeddah,Member,Breakfast,Healthy,Daily Dish,2,44.86,9.52,47.0,42,Credit Card,8.4
FD-01430,2025-05-21 10:03:00,Riyadh,Normal,Breakfast,Italian,Najd Kitchen,7,178.55,12.36,201.78,46,Cash,6.6
FD-01431,2025-08-08 08:24:00,Khobar,Member,Breakfast,Italian,Wok Express,8,176.27,9.63,184.16,45,E-Wallet,5.5
FD-01432,2025-02-16 17:56:00,Riyadh,Normal,Snack,Saudi,Family Grill,2,27.11,6.17,29.2,19,Credit Card,7.8
FD-01433,2025-09-10 21:07:00,Dammam,Member,Dinner,Healthy,Daily Dish,2,65.74,13.91,75.99,25,E-Wallet,9.5
FD-01434,2025-10-12 18:49:00,Khobar,Normal,Snack,Italian,Family Grill,4,54.81,13.46,65.43,26,Credit Card,8.8
FD-01435,2025-01-19 19:21:00,Makkah,Member,Dinner,Saudi,Najd Kitchen,3,91.66,8.25,99.91,35,E-Wallet,7.3
FD-01436,2025-01-19 08:05:00,Makkah,Member,Breakfast,Healthy,Rice & Spice,5,135.51,9.59,145.09,35,Cash,9.5
FD-01437,2025-02-11 14:15:00,Riyadh,Member,Lunch,Saudi,Rice & Spice,4,177.45,8.51,190.21,37,Credit Card,8.4
FD-01438,2025-12-28 15:36:00,Jeddah,Member,Lunch,Italian,Wok Express,7,278.62,4.37,278.3,32,Cash,9.1
FD-01439,2025-03-01 18:06:00,Dammam,Normal,Dinner,Asian,Family Grill,7,124.69,11.0,135.38,46,E-Wallet,8.6
FD-01440,2025-08-24 22:01:00,Riyadh,Member,Dinner,Italian,Urban Bites,2,40.03,9.0,53.17,61,E-Wallet,6.9
FD-01441,2025-06-17 16:32:00,Jeddah,Member,Snack,Saudi,Urban Bites,2,73.75,13.04,85.15,30,Cash,8.7
FD-01442,2025-04-04 16:12:00,Khobar,Member,Snack,Saudi,Taste of Jeddah,6,143.01,11.69,147.5,26,Credit Card,9.3
FD-01443,2025-08-20 14:04:00,Khobar,Normal,Lunch,Asian,Taste of Jeddah,4,72.91,3.76,71.44,25,E-Wallet,10.0
FD-01444,2025-06-18 16:34:00,Riyadh,Normal,Snack,Healthy,Taste of Jeddah,7,132.46,6.57,137.49,47,E-Wallet,7.7
FD-01445,2025-12-28 12:35:00,Dammam,Member,Lunch,Healthy,Daily Dish,3,122.57,7.4,132.56,42,Credit Card,8.6
FD-01446,2025-10-07 15:26:00,Riyadh,Normal,Lunch,Saudi,Family Grill,7,309.59,4.62,312.71,27,E-Wallet,10.0
FD-01447,2025-11-10 17:57:00,Dammam,Normal,Snack,American,Burger Hub,6,80.83,10.31,92.34,19,Credit Card,8.9
FD-01448,2025-07-09 18:35:00,Riyadh,Normal,Dinner,Asian,Najd Kitchen,2,98.02,4.94,103.1,53,Cash,7.3
FD-01449,2025-08-06 14:39:00,Jeddah,Normal,Lunch,Italian,Burger Hub,5,159.65,11.36,175.36,16,Cash,8.7
FD-01450,2025-02-18 17:37:00,Riyadh,Normal,Snack,American,Rice & Spice,5,115.38,13.6,135.44,26,Credit Card,8.8
FD-01451,2025-11-22 22:28:00,Dammam,Member,Dinner,Asian,Najd Kitchen,1,33.96,7.23,48.13,38,Credit Card,9.4
FD-01452,2025-02-11 19:32:00,Riyadh,Normal,Dinner,American,Family Grill,7,370.61,5.93,377.8,15,E-Wallet,9.3
FD-01453,2025-02-10 21:42:00,Riyadh,Normal,Dinner,Saudi,Wok Express,3,110.08,13.4,122.95,45,Cash,7.6
FD-01454,2025-06-27 18:48:00,Dammam,Normal,Dinner,Asian,Burger Hub,1,18.9,9.59,28.23,15,Cash,9.5
FD-01455,2025-10-11 12:36:00,Makkah,Member,Lunch,American,Pasta House,2,52.46,15.44,70.39,45,Credit Card,7.8
FD-01456,2025-05-29 12:36:00,Jeddah,Normal,Lunch,Healthy,Urban Bites,8,375.51,11.02,385.35,20,E-Wallet,8.6
FD-01457,2025-02-22 22:52:00,Riyadh,Member,Dinner,American,Family Grill,6,181.15,8.28,194.87,42,E-Wallet,8.1
FD-01458,2025-11-24 14:50:00,Dammam,Member,Lunch,American,Taste of Jeddah,8,225.87,13.03,235.6,39,E-Wallet,8.7
FD-01459,2025-10-26 08:32:00,Khobar,Normal,Breakfast,Asian,Taste of Jeddah,4,155.72,10.49,170.66,27,E-Wallet,8.6
FD-01460,2025-01-07 10:56:00,Makkah,Member,Breakfast,American,Rice & Spice,4,148.4,14.24,166.03,38,Credit Card,8.9
FD-01461,2025-07-10 17:31:00,Makkah,Normal,Snack,Italian,Rice & Spice,8,197.83,13.76,208.42,47,E-Wallet,7.9
FD-01462,2025-01-11 15:24:00,Jeddah,Member,Lunch,Healthy,Wok Express,1,27.8,13.1,43.28,41,Credit Card,8.4
FD-01463,2025-11-30 21:29:00,Riyadh,Member,Dinner,American,Burger Hub,2,62.5,11.56,77.15,25,Credit Card,7.8
FD-01464,2025-03-24 20:26:00,Riyadh,Normal,Dinner,American,Urban Bites,6,260.89,11.42,276.59,44,Credit Card,8.5
FD-01465,2025-08-29 22:54:00,Jeddah,Normal,Dinner,American,Urban Bites,8,467.97,4.07,466.72,32,Credit Card,8.5
FD-01466,2025-11-21 18:38:00,Jeddah,Normal,Dinner,Asian,Daily Dish,1,39.12,4.53,45.15,27,Credit Card,9.1
FD-01467,2025-07-23 18:42:00,Riyadh,Member,Dinner,Saudi,Burger Hub,8,173.43,8.95,173.51,38,Cash,9.0
FD-01468,2025-06-16 13:05:00,Riyadh,Member,Lunch,Healthy,Pasta House,4,124.15,11.02,129.85,30,Credit Card,8.0
FD-01469,2025-10-08 14:13:00,Jeddah,Member,Lunch,Italian,Urban Bites,8,401.57,8.75,419.65,30,Credit Card,7.9
FD-01470,2025-03-16 19:44:00,Dammam,Normal,Dinner,Italian,Family Grill,2,81.96,12.28,89.66,27,Cash,10.0
FD-01471,2025-04-19 18:02:00,Khobar,Normal,Dinner,Saudi,Green Bowl,5,193.78,13.33,207.69,28,Credit Card,8.8
FD-01472,2025-03-24 08:21:00,Khobar,Normal,Breakfast,Italian,Urban Bites,8,267.71,10.43,268.45,30,Credit Card,9.7
FD-01473,2025-04-06 12:33:00,Riyadh,Member,Lunch,Healthy,Pasta House,6,92.23,5.97,89.77,32,Cash,8.2
FD-01474,2025-05-01 14:43:00,Makkah,Member,Lunch,Asian,Urban Bites,8,332.2,13.18,343.51,37,Credit Card,8.0
FD-01475,2025-12-08 08:45:00,Makkah,Normal,Breakfast,American,Najd Kitchen,7,143.36,7.13,153.91,39,E-Wallet,7.8
FD-01476,2025-03-17 18:28:00,Dammam,Member,Dinner,American,Family Grill,8,261.16,7.74,271.53,37,E-Wallet,8.7
FD-01477,2025-06-28 14:59:00,Riyadh,Normal,Lunch,Saudi,Wok Express,5,188.36,13.24,202.46,28,Credit Card,9.0
FD-01478,2025-04-20 19:36:00,Makkah,Member,Dinner,Healthy,Daily Dish,5,165.66,5.95,170.17,39,Credit Card,9.1
FD-01479,2025-01-28 14:59:00,Jeddah,Normal,Lunch,Italian,Taste of Jeddah,7,146.11,5.4,150.7,26,E-Wallet,9.5
FD-01480,2025-12-27 22:50:00,Riyadh,Member,Dinner,American,Family Grill,8,268.08,10.19,269.41,46,E-Wallet,8.8
FD-01481,2025-07-22 13:26:00,Jeddah,Normal,Lunch,Healthy,Daily Dish,7,329.42,7.15,335.13,36,Credit Card,8.7
FD-01482,2025-04-27 19:53:00,Jeddah,Normal,Dinner,Italian,Daily Dish,2,107.11,14.22,118.07,36,Credit Card,8.6
FD-01483,2025-01-01 13:35:00,Riyadh,Normal,Lunch,Healthy,Najd Kitchen,5,109.63,5.57,119.09,39,Cash,7.6
FD-01484,2025-12-30 15:07:00,Jeddah,Member,Lunch,Italian,Rice & Spice,8,380.04,13.93,395.82,20,Cash,9.1
FD-01485,2025-07-24 19:38:00,Riyadh,Member,Dinner,Saudi,Pasta House,2,37.92,14.71,45.72,37,Credit Card,9.2
FD-01486,2025-02-24 18:29:00,Riyadh,Normal,Dinner,Healthy,Green Bowl,2,38.16,6.67,51.81,39,Cash,7.6
FD-01487,2025-04-03 12:53:00,Riyadh,Normal,Lunch,Healthy,Urban Bites,2,71.6,13.64,87.62,35,E-Wallet,8.7
FD-01488,2025-06-12 08:21:00,Makkah,Member,Breakfast,Asian,Pasta House,7,105.76,10.51,119.79,29,E-Wallet,8.6
FD-01489,2025-05-11 20:13:00,Riyadh,Normal,Dinner,Healthy,Daily Dish,5,202.14,11.44,210.92,35,Credit Card,8.3
FD-01490,2025-10-27 18:40:00,Jeddah,Normal,Snack,Healthy,Wok Express,3,100.97,5.96,110.01,36,E-Wallet,8.9
FD-01491,2025-06-28 19:43:00,Jeddah,Member,Dinner,American,Urban Bites,6,299.91,5.96,300.25,35,Cash,9.6
FD-01492,2025-04-25 08:38:00,Dammam,Normal,Breakfast,Saudi,Burger Hub,6,112.36,12.36,127.08,30,E-Wallet,9.6
FD-01493,2025-01-07 17:09:00,Khobar,Member,Snack,Italian,Family Grill,3,75.71,6.93,76.64,40,E-Wallet,8.1
FD-01494,2025-10-06 19:55:00,Makkah,Normal,Dinner,Asian,Family Grill,6,233.47,10.71,246.44,40,E-Wallet,8.4
FD-01495,2025-05-14 15:40:00,Makkah,Member,Lunch,Italian,Pasta House,6,301.69,13.18,322.86,30,E-Wallet,8.4
FD-01496,2025-10-23 15:33:00,Khobar,Member,Lunch,Healthy,Pasta House,3,122.07,13.59,132.21,36,Credit Card,9.3
FD-01497,2025-04-06 20:01:00,Khobar,Member,Dinner,American,Green Bowl,7,251.62,12.85,267.02,23,E-Wallet,8.4
FD-01498,2025-03-21 21:26:00,Jeddah,Normal,Dinner,Asian,Family Grill,4,88.87,5.77,86.98,34,E-Wallet,8.3
FD-01499,2025-09-13 07:23:00,Riyadh,Member,Breakfast,Italian,Taste of Jeddah,7,260.42,10.49,274.39,33,E-Wallet,9.3
FD-01500,2025-09-27 15:11:00,Riyadh,Member,Lunch,American,Burger Hub,2,72.27,6.21,87.08,36,Credit Card,8.0
